Area_SqFt,Bedrooms,Bathrooms,Stories,House_Age_Years,Garage_Cars,Neighborhood,Furnishing,Has_Pool,Price
2248.4,3,2,3,4.0,2,Suburbs,Semi-Furnished,No,486568.02
1930.9,4,2,2,22.0,2,Suburbs,Unfurnished,No,462908.03
2323.8,3,4,2,8.0,1,Downtown,Furnished,Yes,667473.07
2761.5,2,4,2,28.0,2,Downtown,Unfurnished,Yes,675287.95
1882.9,2,2,1,15.0,0,Suburbs,Semi-Furnished,No,371389.68
1882.9,3,2,1,45.0,1,Suburbs,Semi-Furnished,No,426061.94
2789.6,4,2,2,21.0,2,Downtown,Unfurnished,No,624755.68
2383.7,4,4,1,7.0,0,Suburbs,Semi-Furnished,No,486948.82
1765.3,4,4,2,19.0,1,Downtown,Furnished,No,539926.33
2271.3,3,2,3,13.0,2,Waterfront,Semi-Furnished,No,640614.33
1768.3,3,3,2,38.0,2,Suburbs,Furnished,No,509564.82
1767.1,2,3,2,36.0,2,Highland,Furnished,No,506015.84
2121.0,3,2,2,49.0,2,Suburbs,Semi-Furnished,No,490561.01
1043.4,3,1,2,33.0,1,Downtown,Semi-Furnished,No,304083.64
1137.5,2,2,1,10.0,0,Oldtown,Semi-Furnished,No,252553.7
1718.9,2,2,1,39.0,2,Suburbs,Semi-Furnished,No,370266.79
1493.6,3,2,1,32.0,1,Suburbs,Unfurnished,No,385254.84
2157.1,4,2,2,30.0,2,Downtown,Furnished,No,566002.82
1546.0,5,4,1,43.0,1,Suburbs,Semi-Furnished,No,491980.09
1293.8,5,1,2,33.0,2,Downtown,Semi-Furnished,No,369578.54
2732.8,3,2,1,49.0,2,Suburbs,Semi-Furnished,No,537171.98
1887.1,3,2,2,6.0,2,Suburbs,Semi-Furnished,Yes,538125.08
2033.8,3,2,1,48.0,2,Oldtown,Furnished,Yes,466318.77
1287.6,4,2,2,22.0,2,Highland,Semi-Furnished,No,462513.3
1727.8,2,2,2,45.0,1,Downtown,Unfurnished,No,389836.16
2055.5,3,1,1,6.0,0,Downtown,Unfurnished,No,433963.04
1424.5,4,2,1,24.0,0,Suburbs,Furnished,No,392154.13
2187.8,3,2,2,2.0,2,Downtown,Semi-Furnished,Yes,609644.61
1699.7,3,1,1,37.0,1,Downtown,Furnished,No,401731.97
1854.2,3,3,1,19.0,2,Waterfront,Unfurnished,Yes,636131.78
1699.1,2,2,3,33.0,1,Downtown,Unfurnished,No,409904.47
2926.1,3,2,2,48.0,2,Waterfront,Unfurnished,No,685630.63
1993.3,3,3,3,43.0,2,Downtown,Semi-Furnished,No,487394.07
1471.1,1,1,1,43.0,1,Oldtown,Semi-Furnished,No,250310.86
2411.3,1,1,1,29.0,1,Highland,Unfurnished,No,421389.94
1389.6,4,3,2,,1,Highland,Semi-Furnished,No,489470.9
2104.4,3,2,2,9.0,2,Downtown,Semi-Furnished,No,506595.28
1020.2,3,2,2,34.0,2,Oldtown,Unfurnished,No,348872.93
1335.9,3,3,1,19.0,1,Waterfront,Semi-Furnished,No,469346.99
2098.4,5,3,1,17.0,2,Highland,Semi-Furnished,No,578393.82
2369.2,3,4,1,44.0,1,Suburbs,Unfurnished,No,502510.18
2085.7,3,2,1,43.0,2,Highland,Unfurnished,No,440288.49
1942.2,4,2,1,26.0,2,Downtown,Semi-Furnished,No,449091.77
1849.4,4,2,1,48.0,2,Highland,Semi-Furnished,No,468405.86
1260.7,2,1,3,35.0,0,Waterfront,Furnished,Yes,456357.64
1640.1,4,2,1,22.0,2,Suburbs,Semi-Furnished,No,439870.57
1769.7,3,2,2,31.0,2,Downtown,Unfurnished,No,411520.22
,3,4,2,9.0,1,Suburbs,Furnished,No,591708.4
2171.8,2,2,2,10.0,1,Highland,Furnished,No,527071.16
1118.5,2,2,1,37.0,2,Downtown,Semi-Furnished,No,280880.85
2162.0,4,2,2,5.0,2,Downtown,Furnished,No,598331.47
1807.5,3,1,2,40.0,2,Downtown,Semi-Furnished,No,409959.02
1661.5,3,1,2,46.0,2,Waterfront,Semi-Furnished,No,516663.71
2305.8,4,2,2,33.0,2,Downtown,Semi-Furnished,No,519779.81
2515.5,4,1,3,35.0,0,Highland,Semi-Furnished,No,510826.8
2465.6,2,2,2,36.0,0,Suburbs,Unfurnished,Yes,447629.0
1580.4,3,3,1,16.0,3,Waterfront,Furnished,Yes,648112.27
1845.4,2,3,2,39.0,2,Oldtown,Furnished,No,461001.3
2165.6,4,2,1,39.0,2,Downtown,Semi-Furnished,No,530079.2
2487.8,3,2,2,11.0,2,Suburbs,Semi-Furnished,No,540148.98
1760.4,5,3,1,20.0,3,Waterfront,Unfurnished,No,590206.65
1907.2,2,3,1,39.0,2,Suburbs,Unfurnished,No,377010.13
1446.8,2,1,2,18.0,2,Downtown,Unfurnished,No,366418.79
1401.9,3,3,2,2.0,2,Waterfront,Semi-Furnished,No,555090.07
2406.3,3,2,1,17.0,1,Oldtown,Furnished,No,503031.57
2678.1,2,3,1,18.0,2,Highland,Unfurnished,No,622372.84
1964.0,5,4,2,46.0,1,Suburbs,Unfurnished,No,437205.71
2501.8,2,1,1,5.0,2,Suburbs,Semi-Furnished,No,501948.34
2180.8,3,3,2,15.0,2,Downtown,Unfurnished,No,529292.23
1677.4,4,2,1,7.0,2,Waterfront,Furnished,No,571780.4
2180.7,3,4,2,47.0,2,Waterfront,Semi-Furnished,No,617851.64
2769.0,4,2,2,17.0,0,Oldtown,Unfurnished,No,508102.58
1982.1,2,3,1,47.0,1,Downtown,Unfurnished,No,393122.74
2782.3,3,1,1,42.0,3,Highland,Unfurnished,No,514509.19
690.1,1,2,1,38.0,3,Downtown,Semi-Furnished,No,289592.5
2411.0,2,1,2,48.0,1,Suburbs,Unfurnished,No,379198.71
2043.5,5,4,2,48.0,3,Waterfront,Semi-Furnished,No,646800.22
1850.5,2,3,2,11.0,2,Downtown,Semi-Furnished,No,497525.32
2045.9,3,3,1,44.0,2,Highland,Unfurnished,No,423454.76
1006.2,3,4,1,9.0,0,Highland,Unfurnished,No,431286.19
1890.2,3,1,1,6.0,3,Oldtown,Semi-Furnished,Yes,485551.13
2178.6,4,2,1,45.0,2,Waterfront,Semi-Furnished,No,503492.0
2738.9,1,1,2,0.0,2,Waterfront,Furnished,No,659851.97
1740.9,3,2,2,48.0,2,Suburbs,Unfurnished,No,391219.05
1595.8,5,2,2,35.0,2,Downtown,Unfurnished,No,416546.24
1749.1,3,2,1,20.0,2,Suburbs,Unfurnished,No,420627.15
2457.7,5,2,3,36.0,1,Suburbs,Semi-Furnished,No,514170.28
2164.4,2,1,2,23.0,1,Highland,Semi-Furnished,No,474950.88
1735.1,3,1,3,24.0,1,Highland,Furnished,Yes,492876.65
2256.6,3,1,2,6.0,0,Suburbs,Semi-Furnished,No,431956.57
2048.5,4,4,1,41.0,2,Suburbs,Unfurnished,No,488236.31
2484.3,5,3,1,16.0,2,Downtown,Semi-Furnished,No,560366.37
1649.0,3,4,2,28.0,2,Highland,Furnished,No,532213.38
1836.2,3,2,1,29.0,1,Highland,Semi-Furnished,No,461971.62
1803.9,2,2,1,6.0,2,Highland,Semi-Furnished,No,508038.78
1268.2,3,3,2,32.0,0,Suburbs,Furnished,No,402003.31
2148.1,3,2,2,6.0,0,Suburbs,Semi-Furnished,No,500400.48
2130.5,5,2,2,23.0,0,Waterfront,Semi-Furnished,No,562695.47
2002.6,3,2,1,10.0,2,Waterfront,Unfurnished,No,529690.91
1882.7,3,1,1,8.0,0,Suburbs,Semi-Furnished,No,409708.68
1292.3,2,2,2,11.0,2,Highland,Unfurnished,No,398955.42
1789.7,2,2,3,34.0,1,Suburbs,Semi-Furnished,No,415117.84
1828.6,2,2,2,3.0,2,Highland,Unfurnished,Yes,544508.8
1598.9,3,1,3,35.0,2,Waterfront,Furnished,No,573390.81
1919.4,4,2,2,27.0,3,Highland,Furnished,No,568142.87
2202.0,3,3,2,12.0,2,Suburbs,Semi-Furnished,No,539970.63
2943.1,3,1,1,22.0,3,Suburbs,Unfurnished,No,522743.38
2087.3,2,2,2,18.0,2,Highland,Unfurnished,No,528108.55
2128.8,4,3,2,41.0,2,Highland,Furnished,No,576469.09
1962.8,4,1,2,36.0,1,Highland,Semi-Furnished,No,451654.7
1040.6,2,1,1,38.0,1,Highland,Semi-Furnished,No,288013.27
1986.7,4,2,2,23.0,1,Downtown,Semi-Furnished,No,478637.6
2030.1,3,2,1,15.0,2,Oldtown,Semi-Furnished,Yes,493712.94
3231.6,2,2,2,32.0,2,Waterfront,Semi-Furnished,Yes,697919.35
1903.8,3,3,1,11.0,2,Suburbs,Semi-Furnished,No,512708.91
2150.8,3,1,2,33.0,3,Highland,Semi-Furnished,No,541359.68
1982.6,2,2,1,6.0,2,Downtown,Furnished,No,498530.09
1415.7,5,2,1,10.0,2,Downtown,Unfurnished,Yes,469763.08
2571.4,4,1,1,30.0,3,Suburbs,Unfurnished,No,510989.93
2376.0,3,2,2,28.0,1,Highland,Semi-Furnished,No,533180.03
2395.5,3,2,1,12.0,2,Oldtown,Unfurnished,No,477559.5
1545.3,3,2,1,30.0,1,Highland,Furnished,No,454413.88
2701.4,3,1,2,1.0,2,Suburbs,Semi-Furnished,No,522364.95
1299.1,3,2,1,38.0,1,Suburbs,Furnished,Yes,372490.53
2293.4,2,2,3,14.0,2,Downtown,Semi-Furnished,No,565792.48
3095.2,3,3,3,10.0,2,Downtown,Unfurnished,No,680534.25
1504.7,4,1,2,33.0,1,Waterfront,Unfurnished,No,436979.29
1716.9,3,2,1,38.0,1,Oldtown,Furnished,Yes,435433.85
2049.8,2,2,2,3.0,2,Suburbs,Unfurnished,No,452555.07
1748.3,4,3,1,10.0,3,Highland,Semi-Furnished,No,534038.56
1224.7,2,2,1,28.0,2,Oldtown,Furnished,Yes,411453.17
2034.3,3,2,1,,2,Downtown,Semi-Furnished,No,533240.87
1468.8,2,3,3,15.0,1,Waterfront,Semi-Furnished,No,531467.7
2236.8,3,3,1,38.0,2,Highland,Semi-Furnished,No,503536.82
1540.3,4,2,2,12.0,2,Highland,Furnished,Yes,535993.17
2775.0,3,2,2,36.0,2,Suburbs,Unfurnished,Yes,577207.71
1608.4,2,3,1,16.0,1,Highland,Furnished,No,500190.34
1839.0,4,4,1,20.0,2,Waterfront,Semi-Furnished,No,559117.07
2406.8,4,3,3,43.0,2,Downtown,Furnished,No,578407.43
1384.6,4,2,2,18.0,3,Suburbs,Unfurnished,No,454763.23
2113.7,2,1,2,6.0,3,Downtown,Unfurnished,No,532451.77
2653.6,3,2,1,37.0,2,Oldtown,Furnished,No,519285.72
1196.3,5,3,1,7.0,2,Suburbs,Furnished,No,490611.02
2092.3,4,2,1,12.0,1,Waterfront,Semi-Furnished,No,553343.75
2129.9,1,2,1,36.0,2,Suburbs,Semi-Furnished,No,386661.98
2390.9,2,3,1,1.0,2,Downtown,Furnished,No,602465.13
1381.5,3,2,2,40.0,1,Downtown,Unfurnished,No,398150.58
1339.8,5,3,1,10.0,1,Suburbs,Semi-Furnished,Yes,495723.33
2261.0,3,2,1,23.0,2,Downtown,Furnished,No,509130.38
2148.5,3,2,2,5.0,1,Highland,Semi-Furnished,Yes,574803.58
2125.2,2,2,2,25.0,2,Downtown,Semi-Furnished,No,516025.02
2173.2,3,3,1,6.0,2,Suburbs,Furnished,No,548111.34
1660.0,4,1,2,38.0,0,Suburbs,Semi-Furnished,No,395757.43
2116.1,3,1,1,18.0,1,Highland,Unfurnished,No,442209.08
2146.5,4,4,1,5.0,2,Highland,Furnished,No,616818.95
1642.8,5,1,1,42.0,2,Highland,Semi-Furnished,No,439643.68
2932.9,2,2,2,28.0,1,Oldtown,Furnished,No,567160.32
2236.9,3,2,1,42.0,2,Downtown,Furnished,No,500168.48
1404.3,3,2,1,38.0,2,Suburbs,Unfurnished,No,373107.64
2328.3,4,2,1,1.0,2,Suburbs,Unfurnished,No,560308.83
1512.7,3,2,2,18.0,2,Suburbs,Semi-Furnished,No,406967.32
2393.5,3,2,1,3.0,3,Highland,Semi-Furnished,No,583508.59
2579.3,4,2,1,5.0,2,Suburbs,Semi-Furnished,No,584709.72
1589.7,3,2,1,48.0,1,Suburbs,Semi-Furnished,Yes,441347.27
2481.7,5,1,1,36.0,3,Suburbs,Semi-Furnished,No,539501.55
2206.4,3,2,2,27.0,2,Oldtown,Unfurnished,No,442710.95
2411.0,2,1,2,29.0,1,Oldtown,Semi-Furnished,No,442477.92
2948.4,3,2,1,6.0,2,Suburbs,Semi-Furnished,No,612612.41
1877.3,4,2,1,8.0,2,Downtown,Semi-Furnished,No,477362.5
1623.1,3,1,1,24.0,2,Waterfront,Unfurnished,Yes,481016.33
1555.2,4,3,1,32.0,2,Oldtown,Semi-Furnished,No,406604.56
1592.1,5,2,1,0.0,1,Suburbs,Unfurnished,No,442542.22
1961.4,3,4,2,5.0,2,Suburbs,Semi-Furnished,No,505143.54
2170.6,5,4,3,17.0,2,Oldtown,Semi-Furnished,No,565742.15
2138.3,2,2,3,9.0,1,Highland,Unfurnished,No,518642.95
2413.6,2,1,2,27.0,2,Suburbs,Semi-Furnished,No,504493.96
2006.5,2,2,2,10.0,2,Highland,Semi-Furnished,No,521035.38
2726.8,4,3,2,32.0,0,Oldtown,Unfurnished,No,524179.16
1867.7,3,2,1,0.0,2,Waterfront,Unfurnished,No,576243.63
3360.1,2,1,2,12.0,1,Highland,Furnished,No,686741.6
2312.8,3,2,1,36.0,1,Highland,Semi-Furnished,No,531477.84
1571.4,3,3,1,19.0,1,Downtown,Furnished,No,404736.51
1464.6,2,3,2,0.0,1,Waterfront,Semi-Furnished,No,526197.9
2241.2,4,1,1,2.0,2,Suburbs,Semi-Furnished,No,521361.24
1888.3,4,2,1,17.0,1,Oldtown,Semi-Furnished,No,468686.9
2357.0,3,2,3,40.0,2,Suburbs,Semi-Furnished,No,528864.69
2236.6,5,2,1,13.0,0,Oldtown,Unfurnished,Yes,469314.6
1963.6,3,3,1,30.0,3,Suburbs,Semi-Furnished,No,470454.94
1576.6,5,2,3,26.0,2,Suburbs,Semi-Furnished,No,448516.58
1242.6,3,2,2,16.0,2,Downtown,Unfurnished,No,407597.14
1776.7,3,1,2,45.0,1,Highland,Unfurnished,No,385213.55
2428.2,2,3,1,28.0,2,Waterfront,Unfurnished,Yes,558667.37
2107.0,4,3,1,35.0,1,Highland,Semi-Furnished,No,481388.4
1377.1,3,2,2,36.0,3,Suburbs,Semi-Furnished,No,392949.45
2086.6,2,3,2,25.0,2,Downtown,Furnished,No,501328.79
2192.7,1,1,2,16.0,2,Oldtown,Unfurnished,No,388580.81
1558.1,3,2,1,21.0,2,Highland,Unfurnished,No,480042.82
2076.9,3,2,1,24.0,1,Highland,Semi-Furnished,No,480207.96
2029.1,4,1,3,1.0,2,Waterfront,Furnished,No,620639.66
1428.5,4,2,1,21.0,2,Highland,Unfurnished,No,444905.37
2178.9,2,4,2,4.0,2,Suburbs,Semi-Furnished,No,580318.98
2280.4,4,1,1,3.0,2,Highland,Semi-Furnished,No,598062.46
2541.5,2,2,2,35.0,1,Highland,Unfurnished,No,553617.4
2526.9,4,2,3,5.0,1,Oldtown,Semi-Furnished,No,564098.34
1311.2,4,2,2,20.0,2,Waterfront,Unfurnished,No,455019.64
1531.1,3,4,1,12.0,2,Downtown,Furnished,No,481268.44
2257.5,4,2,2,36.0,2,Suburbs,Semi-Furnished,No,492655.65
2256.9,3,2,2,24.0,3,Downtown,Semi-Furnished,No,561691.24
2257.5,3,3,1,25.0,0,Downtown,Semi-Furnished,No,491260.77
3926.4,4,1,2,38.0,2,Highland,Semi-Furnished,No,678738.22
2285.4,3,2,2,19.0,3,Oldtown,Semi-Furnished,No,477159.65
2567.8,3,2,2,32.0,2,Downtown,Unfurnished,Yes,586209.14
2477.0,3,2,2,13.0,2,Suburbs,Semi-Furnished,No,544641.12
2325.7,4,4,1,35.0,1,Oldtown,Unfurnished,No,486836.55
1842.4,3,3,1,16.0,1,Waterfront,Semi-Furnished,Yes,598957.0
2379.5,2,2,1,20.0,2,Suburbs,Unfurnished,No,504708.46
,4,3,3,45.0,1,Waterfront,Semi-Furnished,No,543382.21
1881.6,4,1,2,15.0,1,Suburbs,Unfurnished,No,397249.62
1757.3,2,1,2,45.0,2,Downtown,Furnished,No,469758.68
2040.9,2,2,1,15.0,1,Downtown,Semi-Furnished,No,452504.74
3157.3,2,2,1,19.0,3,Downtown,Semi-Furnished,No,631329.45
1066.4,3,2,2,28.0,2,Suburbs,Furnished,No,358022.64
2343.1,3,2,1,,2,Oldtown,Semi-Furnished,No,448915.27
1193.6,4,4,1,7.0,2,Waterfront,Furnished,No,537012.19
1764.0,3,2,2,23.0,2,Suburbs,Unfurnished,No,398764.23
2544.5,3,2,1,2.0,2,Suburbs,Semi-Furnished,Yes,509688.51
2032.1,3,1,1,24.0,2,Suburbs,Semi-Furnished,Yes,468150.31
1461.1,4,1,1,18.0,1,Highland,Furnished,No,451294.03
1642.3,3,2,1,32.0,2,Waterfront,Unfurnished,Yes,501073.97
2339.8,5,2,3,1.0,2,Downtown,Furnished,No,696563.06
1634.8,3,3,1,14.0,2,Downtown,Semi-Furnished,Yes,546037.45
2108.2,2,1,1,21.0,0,Highland,Furnished,No,445331.92
2022.8,3,1,1,9.0,2,Highland,Semi-Furnished,No,461157.26
1674.2,3,2,2,17.0,0,Suburbs,Unfurnished,No,341576.53
3072.0,3,2,1,21.0,3,Highland,Furnished,No,664594.55
2317.0,2,1,2,45.0,3,Highland,Furnished,No,527738.16
987.4,2,3,1,48.0,1,Suburbs,Semi-Furnished,Yes,325781.77
2093.2,4,1,1,26.0,2,Suburbs,Unfurnished,No,463720.34
1669.1,2,2,1,12.0,0,Suburbs,Unfurnished,No,391319.86
,4,2,2,32.0,2,Oldtown,Semi-Furnished,No,524562.85
1603.7,3,1,2,,1,Oldtown,Unfurnished,No,383810.41
1942.6,3,2,1,25.0,2,Oldtown,Semi-Furnished,No,422226.93
2252.5,3,3,2,12.0,1,Highland,Semi-Furnished,No,558776.28
2432.9,3,2,3,26.0,1,Highland,Semi-Furnished,No,567036.15
1399.9,3,3,1,13.0,2,Highland,Unfurnished,No,436463.76
1832.7,2,1,2,23.0,1,Oldtown,Semi-Furnished,No,391851.11
1762.5,1,3,1,2.0,2,Downtown,Semi-Furnished,No,444698.89
1673.3,3,2,3,46.0,0,Suburbs,Semi-Furnished,No,361295.19
2882.7,3,2,2,48.0,2,Highland,Semi-Furnished,No,562154.43
2202.5,5,2,3,29.0,2,Highland,Semi-Furnished,No,560783.35
1369.6,4,4,2,34.0,2,Suburbs,Semi-Furnished,Yes,481364.86
2458.9,4,2,1,47.0,2,Highland,Furnished,No,581399.0
3061.1,4,1,3,13.0,3,Waterfront,Semi-Furnished,No,742765.18
2516.2,3,1,1,11.0,1,Suburbs,Furnished,No,471640.22
1240.3,3,3,1,27.0,1,Waterfront,Semi-Furnished,No,426388.79
1757.9,5,2,2,43.0,2,Suburbs,Furnished,No,458946.02
2633.5,3,3,2,28.0,2,Oldtown,Unfurnished,No,558274.69
1646.2,3,2,3,42.0,3,Suburbs,Semi-Furnished,No,482214.26
2221.9,2,2,1,16.0,0,Highland,Semi-Furnished,No,430660.04
2387.3,3,1,2,39.0,1,Downtown,Unfurnished,No,471986.85
1536.5,3,4,2,48.0,1,Downtown,Semi-Furnished,No,429737.36
1970.2,4,2,1,20.0,2,Highland,Unfurnished,No,486322.96
600.0,3,4,1,22.0,2,Suburbs,Semi-Furnished,No,310993.95
1487.8,3,2,1,19.0,1,Suburbs,Semi-Furnished,Yes,410235.16
1873.7,5,2,1,10.0,2,Downtown,Semi-Furnished,No,482116.42
1376.1,2,2,3,33.0,2,Waterfront,Furnished,No,501886.74
2816.2,3,2,2,9.0,2,Waterfront,Semi-Furnished,No,715851.12
1284.9,1,3,2,9.0,0,Downtown,Semi-Furnished,No,395172.46
1780.0,4,4,3,42.0,2,Highland,Semi-Furnished,Yes,634041.12
2065.4,5,3,1,5.0,2,Waterfront,Furnished,No,672003.37
2720.6,3,3,2,35.0,2,Highland,Semi-Furnished,No,613839.35
1282.1,4,2,1,23.0,2,Suburbs,Semi-Furnished,No,397070.66
2581.6,3,2,2,11.0,1,Highland,Unfurnished,No,540194.87
2005.1,5,4,1,42.0,1,Downtown,Semi-Furnished,No,463063.27
1509.2,4,1,3,22.0,2,Suburbs,Unfurnished,No,427613.76
2231.1,4,3,1,26.0,1,Downtown,Semi-Furnished,No,476642.98
2099.5,1,3,1,44.0,2,Highland,Furnished,No,524183.61
1699.9,5,2,2,36.0,2,Downtown,Semi-Furnished,No,494557.33
2034.9,4,4,1,5.0,2,Oldtown,Semi-Furnished,Yes,548950.1
1807.3,3,2,2,0.0,1,Suburbs,Semi-Furnished,No,443978.94
2056.8,4,2,1,5.0,1,Downtown,Semi-Furnished,No,500522.58
2331.1,3,1,2,49.0,2,Suburbs,Semi-Furnished,No,432873.56
2793.0,4,2,1,21.0,0,Suburbs,Semi-Furnished,No,536474.01
1381.1,2,2,1,40.0,2,Suburbs,Unfurnished,No,345447.81
3066.5,4,2,1,23.0,2,Suburbs,Unfurnished,No,546307.97
1024.0,3,3,1,24.0,2,Downtown,Semi-Furnished,No,365497.01
1924.1,2,4,1,14.0,2,Suburbs,Semi-Furnished,No,490172.72
2294.2,2,1,1,25.0,1,Suburbs,Unfurnished,No,438813.54
2140.5,1,2,1,7.0,1,Downtown,Semi-Furnished,No,479766.64
1688.7,3,4,1,23.0,3,Waterfront,Unfurnished,No,515765.07
1895.9,3,1,2,47.0,3,Highland,Unfurnished,No,445812.81
1753.5,3,1,2,37.0,2,Highland,Semi-Furnished,No,452836.78
1705.3,3,1,1,5.0,3,Suburbs,Semi-Furnished,No,417639.12
2424.8,3,2,2,34.0,2,Highland,Semi-Furnished,No,528240.82
2178.5,4,1,2,41.0,1,Oldtown,Semi-Furnished,No,406547.06
1653.5,1,4,1,0.0,1,Downtown,Furnished,No,475726.0
2449.8,5,2,2,45.0,3,Downtown,Semi-Furnished,No,552498.66
2153.6,4,2,1,35.0,1,Downtown,Unfurnished,No,477936.23
2406.4,3,2,2,11.0,2,Downtown,Semi-Furnished,No,539054.19
2314.8,3,2,1,37.0,2,Downtown,Unfurnished,No,459473.76
1585.5,4,2,2,10.0,2,Highland,Furnished,No,503293.0
1719.9,2,3,2,11.0,2,Suburbs,Unfurnished,No,485162.05
2373.6,2,3,1,41.0,1,Oldtown,Semi-Furnished,Yes,503769.61
2305.2,2,2,1,49.0,1,Downtown,Unfurnished,No,447543.81
1989.5,4,4,3,38.0,2,Suburbs,Furnished,No,563302.19
2058.7,1,3,1,6.0,2,Oldtown,Semi-Furnished,No,438165.12
2638.8,3,3,2,10.0,2,Waterfront,Furnished,Yes,733658.25
1704.2,5,1,3,35.0,2,Suburbs,Unfurnished,No,410255.82
2273.5,4,1,2,30.0,1,Highland,Unfurnished,No,517114.84
1898.9,3,2,2,32.0,2,Waterfront,Unfurnished,No,541851.86
1891.2,2,2,2,12.0,2,Suburbs,Furnished,Yes,475856.49
2549.4,4,2,2,17.0,1,Downtown,Furnished,Yes,659842.94
2412.7,3,2,1,40.0,2,Waterfront,Unfurnished,Yes,600226.2
2406.8,2,3,1,23.0,2,Suburbs,Unfurnished,No,514545.03
2652.7,2,3,1,8.0,2,Downtown,Semi-Furnished,No,612037.18
2010.5,5,4,3,30.0,1,Suburbs,Unfurnished,Yes,502208.51
2341.0,3,2,2,40.0,2,Suburbs,Unfurnished,Yes,529282.12
1844.9,4,2,1,9.0,0,Oldtown,Unfurnished,No,387269.59
2162.1,4,2,2,1.0,0,Downtown,Unfurnished,No,438702.68
1934.9,3,1,1,37.0,2,Oldtown,Unfurnished,No,346478.24
2048.5,3,1,1,14.0,2,Suburbs,Unfurnished,Yes,459654.54
2297.6,3,2,2,2.0,2,Suburbs,Semi-Furnished,Yes,594450.71
1590.9,3,2,1,42.0,1,Downtown,Furnished,Yes,441100.81
3046.2,3,3,2,30.0,0,Highland,Semi-Furnished,Yes,654246.27
,4,1,1,5.0,2,Oldtown,Semi-Furnished,Yes,421735.75
1392.9,3,3,2,2.0,0,Suburbs,Unfurnished,No,417946.29
2579.1,4,2,2,10.0,0,Downtown,Semi-Furnished,No,566512.43
2395.8,3,2,1,14.0,1,Highland,Semi-Furnished,No,534771.15
2312.1,3,2,3,44.0,2,Waterfront,Semi-Furnished,No,574068.86
2314.2,3,2,2,27.0,1,Downtown,Unfurnished,No,496296.72
1993.9,3,2,1,9.0,2,Highland,Furnished,Yes,640011.99
1551.4,4,2,1,37.0,0,Highland,Unfurnished,No,399646.42
2037.9,2,1,2,46.0,1,Suburbs,Semi-Furnished,No,368864.7
1661.4,3,1,1,,2,Suburbs,Furnished,No,423881.79
2487.6,2,2,1,49.0,1,Downtown,Semi-Furnished,No,450122.34
1926.5,3,4,1,6.0,2,Waterfront,Semi-Furnished,No,633834.16
1587.3,3,2,1,14.0,0,Highland,Furnished,No,430515.17
1839.3,3,3,2,17.0,2,Suburbs,Semi-Furnished,No,489870.08
2206.5,5,2,1,17.0,1,Suburbs,Unfurnished,No,484846.63
1718.1,3,4,1,40.0,1,Suburbs,Furnished,No,441987.32
1588.9,4,3,1,23.0,2,Waterfront,Unfurnished,No,520333.28
2121.8,3,2,1,1.0,3,Suburbs,Furnished,No,504500.38
2122.5,3,2,3,39.0,0,Suburbs,Unfurnished,No,398772.52
1746.5,2,3,1,19.0,2,Suburbs,Semi-Furnished,No,447132.5
1764.5,3,2,3,33.0,2,Suburbs,Semi-Furnished,No,433069.84
2116.0,3,2,1,42.0,2,Suburbs,Furnished,Yes,482772.75
1276.0,3,1,1,25.0,2,Downtown,Semi-Furnished,No,435798.04
1296.3,1,3,2,6.0,1,Downtown,Unfurnished,No,453585.81
1640.8,2,3,1,37.0,3,Waterfront,Semi-Furnished,No,541013.95
1893.3,3,1,2,29.0,1,Downtown,Unfurnished,No,433430.96
2155.5,5,2,3,41.0,1,Downtown,Furnished,No,520144.04
2737.7,3,2,1,4.0,2,Waterfront,Furnished,No,656090.35
2428.8,3,1,1,10.0,2,Downtown,Semi-Furnished,No,512951.18
1920.0,2,4,2,0.0,2,Highland,Furnished,No,585411.1
1990.5,3,2,1,33.0,2,Suburbs,Unfurnished,No,444085.97
1498.7,3,1,1,0.0,2,Downtown,Semi-Furnished,No,376089.83
1990.7,2,2,1,18.0,1,Suburbs,Semi-Furnished,No,475970.39
1855.7,3,3,1,1.0,2,Downtown,Semi-Furnished,Yes,559681.1
2161.4,1,1,2,20.0,1,Waterfront,Unfurnished,No,464595.7
1586.4,1,2,1,19.0,2,Suburbs,Furnished,No,403503.01
2259.7,2,2,1,22.0,3,Downtown,Unfurnished,No,481199.52
2766.4,1,1,2,20.0,1,Downtown,Semi-Furnished,Yes,531650.83
1945.6,2,1,1,23.0,2,Suburbs,Unfurnished,No,366314.34
2200.9,3,2,1,3.0,0,Downtown,Furnished,No,497090.55
2345.1,4,2,2,11.0,0,Suburbs,Unfurnished,No,536776.53
1799.4,3,4,1,21.0,3,Suburbs,Semi-Furnished,No,507043.41
2112.0,3,3,2,19.0,1,Waterfront,Unfurnished,No,595992.79
2006.3,3,4,2,17.0,2,Suburbs,Semi-Furnished,No,553818.4
2048.8,5,2,1,0.0,2,Highland,Semi-Furnished,No,554241.66
1613.5,3,4,2,29.0,2,Oldtown,Semi-Furnished,No,424793.91
2012.3,2,2,1,32.0,2,Downtown,Unfurnished,No,400102.07
2249.0,3,2,1,23.0,2,Waterfront,Furnished,No,594593.59
2725.6,2,1,2,13.0,2,Waterfront,Unfurnished,No,645067.02
2479.6,3,1,2,35.0,3,Suburbs,Unfurnished,No,520941.05
3076.6,3,2,1,4.0,2,Oldtown,Semi-Furnished,Yes,637800.46
1616.3,4,2,2,10.0,2,Suburbs,Unfurnished,No,451681.11
2436.2,3,2,3,23.0,0,Suburbs,Unfurnished,Yes,520318.63
2091.7,4,2,3,30.0,0,Waterfront,Furnished,No,571963.47
3094.9,5,2,2,12.0,2,Suburbs,Furnished,No,648533.59
1595.9,2,2,1,15.0,3,Suburbs,Semi-Furnished,No,385715.85
1580.1,3,2,1,23.0,2,Downtown,Unfurnished,No,458944.83
1700.3,3,3,3,12.0,3,Waterfront,Unfurnished,No,603914.47
938.1,3,3,1,23.0,2,Waterfront,Semi-Furnished,No,440904.63
1737.1,3,2,2,25.0,2,Highland,Unfurnished,No,508983.86
1620.4,5,2,1,1.0,2,Oldtown,Furnished,No,520551.6
2075.2,4,2,1,15.0,2,Suburbs,Unfurnished,No,541652.59
2170.9,3,3,1,37.0,1,Downtown,Furnished,No,499897.17
2938.1,3,2,3,45.0,2,Highland,Semi-Furnished,No,619201.02
2475.2,4,2,1,0.0,2,Waterfront,Furnished,No,690299.33
1711.5,5,1,2,48.0,1,Downtown,Unfurnished,Yes,482340.41
1550.8,4,2,1,10.0,3,Downtown,Furnished,No,499645.7
2246.0,1,2,1,34.0,1,Waterfront,Unfurnished,No,479131.28
1339.9,3,3,1,42.0,2,Oldtown,Semi-Furnished,Yes,383551.52
2915.7,2,2,2,28.0,2,Highland,Furnished,No,650723.31
2589.7,3,2,1,36.0,2,Suburbs,Unfurnished,No,510092.29
1765.4,2,3,1,16.0,2,Oldtown,Semi-Furnished,Yes,465326.71
1143.4,3,3,1,38.0,3,Oldtown,Semi-Furnished,No,359644.93
2676.9,3,2,1,41.0,2,Suburbs,Semi-Furnished,No,509710.7
1942.7,2,2,3,27.0,1,Waterfront,Semi-Furnished,No,572703.59
,3,2,3,28.0,2,Waterfront,Semi-Furnished,No,638945.16
1202.8,3,4,1,42.0,1,Oldtown,Semi-Furnished,Yes,358599.06
1700.3,3,1,2,2.0,1,Waterfront,Semi-Furnished,No,560057.72
2002.6,2,4,3,9.0,1,Highland,Semi-Furnished,No,561140.98
2023.5,3,2,1,41.0,2,Highland,Unfurnished,No,458635.62
1775.0,4,2,2,13.0,2,Suburbs,Furnished,No,509170.87
2311.4,2,1,3,11.0,2,Highland,Furnished,No,537448.24
1466.2,2,2,1,46.0,1,Waterfront,Semi-Furnished,Yes,484505.17
1928.8,3,2,1,41.0,1,Oldtown,Semi-Furnished,No,377689.05
2060.1,5,1,3,29.0,3,Suburbs,Semi-Furnished,No,545559.55
2257.2,3,2,2,31.0,2,Highland,Semi-Furnished,Yes,535322.98
2355.8,3,4,1,31.0,3,Suburbs,Semi-Furnished,No,570763.55
1437.7,3,2,1,41.0,1,Highland,Unfurnished,Yes,402540.66
1232.9,3,3,1,31.0,1,Highland,Semi-Furnished,No,378137.07
2638.8,1,1,2,25.0,2,Downtown,Unfurnished,No,520944.22
2166.2,3,2,2,0.0,2,Suburbs,Unfurnished,No,501230.79
1625.8,5,1,3,41.0,1,Downtown,Semi-Furnished,Yes,483541.13
2775.6,3,2,1,1.0,1,Downtown,Semi-Furnished,No,608511.92
2057.8,4,4,2,16.0,2,Waterfront,Semi-Furnished,No,672527.87
2589.6,4,2,2,29.0,2,Suburbs,Semi-Furnished,No,523948.55
2033.8,2,1,1,38.0,2,Suburbs,Furnished,No,406907.45
3030.4,5,2,1,6.0,1,Downtown,Semi-Furnished,No,642927.16
2877.7,2,2,3,26.0,1,Downtown,Semi-Furnished,Yes,639967.37
1875.5,3,2,2,8.0,3,Waterfront,Unfurnished,Yes,612688.24
2485.8,2,3,1,21.0,1,Suburbs,Unfurnished,No,493040.59
2322.7,1,3,2,33.0,2,Oldtown,Semi-Furnished,No,483912.23
2684.3,3,2,1,45.0,2,Suburbs,Semi-Furnished,No,518390.37
1517.5,3,2,2,48.0,1,Suburbs,Furnished,No,353030.91
2343.0,3,2,2,0.0,2,Suburbs,Semi-Furnished,No,505787.28
2529.2,3,1,2,8.0,2,Highland,Semi-Furnished,Yes,552424.54
1120.6,1,2,3,19.0,2,Highland,Unfurnished,Yes,427314.66
1408.4,2,2,2,18.0,2,Oldtown,Unfurnished,No,328299.73
980.4,3,2,1,35.0,1,Highland,Furnished,No,409064.21
1865.3,3,2,2,39.0,2,Suburbs,Semi-Furnished,No,453388.49
2358.8,4,1,1,44.0,2,Waterfront,Unfurnished,No,517705.86
2751.2,3,2,1,3.0,2,Oldtown,Semi-Furnished,No,581919.69
2037.0,4,1,1,8.0,0,Suburbs,Semi-Furnished,Yes,491283.14
2814.3,3,1,1,40.0,2,Downtown,Semi-Furnished,Yes,602185.04
1309.9,3,3,2,21.0,3,Highland,Unfurnished,Yes,483792.12
1148.3,3,1,1,17.0,2,Suburbs,Semi-Furnished,Yes,392298.41
1972.2,3,2,2,11.0,2,Oldtown,Unfurnished,No,484358.82
2192.0,3,1,2,41.0,2,Suburbs,Furnished,No,508115.36
1983.7,4,3,1,42.0,2,Downtown,Semi-Furnished,No,456544.74
966.3,3,2,2,38.0,3,Oldtown,Semi-Furnished,No,331912.62
1955.4,4,2,1,8.0,1,Waterfront,Semi-Furnished,No,538952.57
1347.8,4,2,1,5.0,2,Downtown,Unfurnished,No,469334.94
2334.8,4,3,2,18.0,1,Oldtown,Unfurnished,No,518856.79
2183.3,5,4,1,47.0,2,Suburbs,Furnished,No,569877.09
1530.1,3,2,1,46.0,1,Suburbs,Unfurnished,No,345316.1
1743.1,3,3,2,6.0,2,Oldtown,Unfurnished,No,466350.12
1470.4,3,4,2,15.0,0,Suburbs,Furnished,No,422864.99
1968.7,3,4,1,4.0,2,Downtown,Semi-Furnished,No,537276.52
2477.6,3,2,3,15.0,2,Suburbs,Furnished,No,579096.42
1507.1,4,2,2,0.0,1,Highland,Unfurnished,No,442641.79
2252.0,3,2,2,36.0,3,Downtown,Semi-Furnished,No,513213.5
1734.9,3,3,1,38.0,2,Highland,Semi-Furnished,No,464442.61
1603.6,2,2,2,18.0,2,Highland,Furnished,No,460699.03
1946.5,3,2,2,36.0,2,Suburbs,Unfurnished,Yes,476623.61
1482.4,2,2,2,16.0,1,Highland,Semi-Furnished,No,410613.7
1723.2,4,3,2,25.0,2,Oldtown,Furnished,No,464659.58
1401.1,3,3,1,21.0,1,Suburbs,Semi-Furnished,Yes,404736.72
2982.4,2,1,1,7.0,2,Suburbs,Semi-Furnished,Yes,591635.91
2017.6,1,3,1,32.0,2,Suburbs,Unfurnished,No,447923.27
1650.1,3,2,1,1.0,1,Highland,Unfurnished,No,458088.26
2107.0,3,3,2,29.0,2,Oldtown,Semi-Furnished,No,449866.04
1943.8,3,2,1,46.0,0,Suburbs,Semi-Furnished,No,397554.09
1889.5,2,2,3,19.0,3,Suburbs,Furnished,No,525037.05
2307.1,3,4,3,17.0,1,Suburbs,Semi-Furnished,Yes,624631.84
2378.8,3,2,1,42.0,2,Highland,Semi-Furnished,Yes,584140.77
1734.7,3,3,1,9.0,1,Downtown,Furnished,No,469178.59
1712.1,3,2,2,23.0,2,Waterfront,Unfurnished,No,515355.84
1862.5,3,2,3,3.0,2,Suburbs,Semi-Furnished,Yes,582658.49
849.0,2,2,1,36.0,1,Highland,Unfurnished,No,331960.74
1242.4,5,2,1,3.0,2,Suburbs,Unfurnished,No,400573.82
2683.4,3,2,2,12.0,2,Highland,Furnished,No,642690.24
2822.5,3,1,2,24.0,2,Downtown,Semi-Furnished,No,587163.06
1875.5,2,2,1,12.0,2,Highland,Semi-Furnished,No,521598.95
2288.3,3,1,2,17.0,2,Downtown,Semi-Furnished,No,522825.43
2155.6,1,4,1,23.0,1,Downtown,Semi-Furnished,No,465767.84
3539.4,3,4,1,1.0,0,Suburbs,Unfurnished,No,644632.7
2559.8,5,2,1,47.0,2,Highland,Semi-Furnished,No,641112.91
1936.0,3,3,1,32.0,2,Downtown,Semi-Furnished,No,454459.41
1522.2,1,2,1,18.0,1,Downtown,Furnished,No,397324.55
1196.8,1,2,1,8.0,1,Waterfront,Unfurnished,No,466851.56
2101.7,3,3,1,27.0,2,Waterfront,Unfurnished,No,551814.24
1621.8,2,4,1,34.0,3,Downtown,Semi-Furnished,No,409646.47
1288.9,1,2,1,38.0,1,Highland,Furnished,No,295489.85
1676.7,4,3,3,9.0,2,Suburbs,Semi-Furnished,Yes,528550.28
1459.2,3,2,1,0.0,2,Highland,Semi-Furnished,No,413033.75
2843.6,3,4,1,41.0,2,Oldtown,Furnished,Yes,654957.68
2440.8,5,1,2,20.0,1,Downtown,Furnished,No,563601.99
1996.0,2,2,3,8.0,2,Waterfront,Semi-Furnished,No,539575.71
2740.0,5,2,1,46.0,2,Suburbs,Semi-Furnished,Yes,545712.88
2038.7,3,2,2,14.0,0,Highland,Unfurnished,Yes,539845.61
1569.4,4,1,2,34.0,2,Highland,Furnished,Yes,502351.92
2761.6,3,4,2,4.0,1,Oldtown,Semi-Furnished,No,635428.23
2269.5,4,1,1,40.0,1,Downtown,Furnished,No,507309.87
1481.4,5,2,2,21.0,2,Downtown,Unfurnished,No,423802.21
1904.8,3,2,1,40.0,2,Downtown,Semi-Furnished,No,469628.88
1562.2,5,2,2,22.0,0,Oldtown,Semi-Furnished,No,406134.18
1308.6,3,2,2,6.0,2,Highland,Semi-Furnished,No,400788.99
2463.1,3,2,1,22.0,2,Highland,Unfurnished,No,502121.19
2954.7,3,1,2,43.0,2,Downtown,Semi-Furnished,No,623906.76
1300.7,3,1,1,24.0,2,Oldtown,Furnished,No,326094.94
2281.5,2,2,2,26.0,1,Waterfront,Semi-Furnished,No,575866.18
1674.7,3,3,1,40.0,3,Highland,Unfurnished,Yes,502195.18
1756.4,3,3,1,5.0,2,Suburbs,Semi-Furnished,No,476365.58
1703.8,4,1,1,33.0,2,Downtown,Unfurnished,No,403743.91
1568.0,4,2,3,8.0,2,Highland,Unfurnished,Yes,560690.24
2024.3,3,1,1,48.0,1,Highland,Semi-Furnished,No,443786.07
1584.5,3,1,1,32.0,0,Downtown,Furnished,No,372691.11
2135.2,3,2,1,5.0,2,Highland,Semi-Furnished,No,509615.58
1974.9,2,2,2,36.0,2,Suburbs,Semi-Furnished,No,424565.99
1880.5,2,1,2,30.0,2,Waterfront,Semi-Furnished,No,470265.12
1546.2,3,2,1,33.0,3,Suburbs,Semi-Furnished,No,401585.45
1711.6,3,1,1,40.0,1,Downtown,Unfurnished,No,318233.09
2377.7,5,3,1,28.0,2,Suburbs,Furnished,No,574194.65
2250.5,3,4,1,13.0,2,Suburbs,Furnished,No,573854.99
1511.2,3,1,1,35.0,1,Downtown,Semi-Furnished,No,384477.98
2049.7,3,2,2,35.0,2,Waterfront,Semi-Furnished,No,533457.79
2375.7,2,3,1,14.0,2,Downtown,Furnished,No,536478.34
1165.3,3,4,1,7.0,2,Suburbs,Semi-Furnished,No,461553.22
2271.7,3,2,1,25.0,0,Downtown,Unfurnished,No,416383.35
1668.7,3,1,3,35.0,1,Downtown,Unfurnished,No,450522.98
2285.3,3,1,3,47.0,1,Suburbs,Semi-Furnished,No,425738.49
1618.4,5,2,2,20.0,2,Downtown,Furnished,No,482281.74
1097.6,4,2,1,27.0,0,Highland,Unfurnished,No,358377.32
1186.2,3,1,1,3.0,2,Downtown,Unfurnished,No,379482.24
2024.0,3,2,1,15.0,2,Highland,Semi-Furnished,No,547923.52
2129.9,3,1,1,21.0,2,Downtown,Furnished,No,445100.75
1547.8,2,3,2,,2,Downtown,Unfurnished,No,465881.89
2319.3,3,2,2,15.0,2,Suburbs,Unfurnished,No,504166.21
1169.2,1,1,2,39.0,2,Oldtown,Semi-Furnished,No,256590.59
1967.0,3,2,2,37.0,2,Highland,Semi-Furnished,No,538672.03
1394.5,3,2,1,41.0,2,Waterfront,Unfurnished,Yes,491022.77
1674.1,2,4,2,36.0,2,Downtown,Unfurnished,No,461118.61
2023.7,5,2,1,28.0,2,Waterfront,Semi-Furnished,No,592594.08
1569.8,5,2,1,17.0,1,Downtown,Semi-Furnished,No,399766.34
1807.7,4,3,2,9.0,2,Downtown,Furnished,No,519911.52
2503.1,3,2,1,41.0,3,Highland,Semi-Furnished,Yes,586862.04
1711.6,4,4,1,38.0,0,Suburbs,Unfurnished,No,415696.53
2417.8,2,2,1,17.0,1,Oldtown,Semi-Furnished,No,491607.39
1435.1,4,2,2,0.0,1,Downtown,Semi-Furnished,No,428094.56
2264.9,2,1,2,38.0,2,Oldtown,Unfurnished,No,388355.97
2720.8,4,2,1,20.0,1,Highland,Furnished,No,610029.78
764.2,3,3,2,0.0,2,Highland,Furnished,No,433303.88
1601.6,4,3,1,14.0,0,Downtown,Unfurnished,Yes,415354.42
2288.5,5,2,1,3.0,0,Suburbs,Unfurnished,No,461064.94
1898.5,2,2,2,19.0,2,Oldtown,Unfurnished,No,415473.08
2185.6,3,3,2,9.0,1,Suburbs,Unfurnished,No,495613.66
1698.0,5,4,3,22.0,3,Highland,Semi-Furnished,No,599607.35
2043.3,3,1,1,40.0,0,Oldtown,Semi-Furnished,No,322687.4
1922.2,4,2,2,33.0,2,Suburbs,Furnished,No,482784.0
2583.9,3,2,2,45.0,1,Highland,Unfurnished,No,542743.88
2127.2,3,3,3,47.0,1,Highland,Semi-Furnished,No,447674.39
2168.8,3,1,1,32.0,3,Downtown,Furnished,Yes,538796.41
1794.1,2,2,2,33.0,2,Downtown,Semi-Furnished,No,404138.11
1756.2,4,3,2,38.0,0,Suburbs,Unfurnished,No,405337.83
1783.7,3,1,1,9.0,2,Suburbs,Unfurnished,No,367626.89
2197.2,3,2,1,19.0,2,Highland,Semi-Furnished,No,526218.99
1789.5,3,2,1,0.0,1,Downtown,Furnished,No,520406.84
2144.9,3,2,2,12.0,1,Oldtown,Furnished,No,461500.01
3037.7,4,2,2,0.0,3,Downtown,Furnished,No,685663.02
2435.6,5,2,2,4.0,3,Highland,Furnished,No,647721.2
1837.0,3,1,2,15.0,3,Highland,Semi-Furnished,No,507405.64
2600.6,4,2,2,14.0,2,Downtown,Furnished,No,589796.68
1796.0,4,3,1,48.0,2,Downtown,Furnished,No,475410.2
980.9,3,3,1,27.0,1,Waterfront,Semi-Furnished,No,413575.27
1496.0,5,1,1,30.0,1,Oldtown,Unfurnished,No,326851.63
1064.6,2,1,1,22.0,0,Suburbs,Semi-Furnished,No,267612.77
1824.2,2,2,1,47.0,2,Suburbs,Unfurnished,No,388285.79
2009.2,4,2,2,44.0,2,Suburbs,Unfurnished,No,411385.09
2838.2,3,2,1,42.0,2,Downtown,Furnished,No,585348.94
2163.5,4,2,1,16.0,3,Highland,Furnished,No,658059.68
1890.4,4,1,1,48.0,2,Waterfront,Unfurnished,No,524859.6
2414.7,2,1,1,33.0,3,Suburbs,Semi-Furnished,No,458117.89
894.4,4,2,3,12.0,1,Oldtown,Furnished,Yes,412229.47
2117.8,3,2,2,13.0,2,Downtown,Semi-Furnished,Yes,562697.42
2385.4,3,1,2,10.0,2,Highland,Semi-Furnished,Yes,600738.28
1260.7,3,2,1,27.0,1,Suburbs,Semi-Furnished,No,328329.46
2571.9,5,2,2,41.0,3,Suburbs,Furnished,No,584696.5
2169.2,1,3,2,31.0,2,Suburbs,Furnished,No,479839.19
1792.4,3,3,2,34.0,1,Suburbs,Semi-Furnished,No,464668.69
2316.4,3,2,1,30.0,0,Highland,Unfurnished,No,472741.19
3135.3,4,2,2,16.0,2,Highland,Furnished,No,700005.47
2090.9,3,2,2,46.0,2,Suburbs,Unfurnished,No,471171.45
2124.1,2,2,2,8.0,3,Waterfront,Semi-Furnished,No,643122.57
1770.3,3,2,2,9.0,1,Suburbs,Unfurnished,No,450750.8
1575.1,3,3,1,7.0,0,Highland,Semi-Furnished,No,473688.44
2415.2,4,2,2,20.0,1,Downtown,Semi-Furnished,No,582886.85
1572.0,3,3,1,12.0,0,Downtown,Unfurnished,Yes,423069.49
2035.8,2,2,2,49.0,0,Suburbs,Furnished,No,399027.02
1761.2,5,1,1,4.0,3,Highland,Unfurnished,No,518264.26
2239.5,1,3,1,5.0,1,Highland,Furnished,No,515600.55
2166.8,5,2,1,29.0,2,Suburbs,Furnished,No,508138.37
2518.8,3,2,2,30.0,0,Downtown,Semi-Furnished,No,512112.83
1745.0,4,2,1,16.0,1,Suburbs,Semi-Furnished,No,419445.63
1865.1,3,1,2,10.0,2,Highland,Unfurnished,No,473457.97
1510.6,1,4,2,19.0,2,Highland,Furnished,No,469839.38
1777.9,4,1,1,47.0,2,Downtown,Semi-Furnished,No,412998.54
2188.7,4,4,1,8.0,2,Downtown,Semi-Furnished,No,588388.63
2378.5,4,4,1,,1,Waterfront,Semi-Furnished,No,709594.43
1538.9,2,3,2,36.0,2,Downtown,Semi-Furnished,No,429754.34
2434.8,4,2,2,0.0,1,Downtown,Furnished,No,573919.76
2677.8,4,2,1,3.0,2,Downtown,Unfurnished,No,602561.87
2206.7,3,3,1,35.0,1,Suburbs,Semi-Furnished,No,388437.37
2938.4,4,2,2,24.0,2,Suburbs,Unfurnished,No,575874.04
1613.1,4,2,2,2.0,1,Highland,Furnished,No,491329.81
1377.7,3,2,2,8.0,2,Suburbs,Unfurnished,No,407243.76
1110.6,2,2,2,21.0,3,Highland,Semi-Furnished,No,446232.44
2748.0,3,2,1,22.0,2,Downtown,Unfurnished,No,594144.69
2327.2,2,2,1,11.0,2,Waterfront,Semi-Furnished,No,599235.63
1972.2,3,2,1,9.0,3,Highland,Furnished,Yes,551072.83
2140.0,3,3,1,33.0,2,Highland,Furnished,No,531343.45
1437.3,2,2,1,42.0,1,Downtown,Furnished,No,361956.9
3222.9,3,4,1,9.0,1,Downtown,Semi-Furnished,No,680125.5
2064.6,2,2,1,29.0,2,Suburbs,Furnished,No,461359.43
2054.7,4,3,3,21.0,2,Highland,Semi-Furnished,No,562156.23
2362.9,5,2,2,5.0,1,Downtown,Furnished,No,559254.79
2240.5,2,3,2,49.0,1,Oldtown,Semi-Furnished,No,421346.13
2111.9,5,1,2,1.0,3,Oldtown,Semi-Furnished,No,501599.37
1604.8,3,3,1,29.0,1,Suburbs,Unfurnished,No,428310.96
2235.7,3,1,2,1.0,2,Oldtown,Semi-Furnished,Yes,507846.64
,2,3,1,31.0,0,Downtown,Unfurnished,No,535224.87
2672.7,3,4,2,41.0,2,Downtown,Furnished,No,650736.24
2796.6,4,2,1,,0,Downtown,Semi-Furnished,No,560463.65
1744.4,4,2,3,11.0,2,Highland,Furnished,No,521976.99
1505.2,2,3,1,0.0,0,Downtown,Unfurnished,No,423250.84
1937.1,2,2,1,7.0,2,Oldtown,Unfurnished,No,429907.46
2027.9,3,3,3,47.0,2,Downtown,Furnished,No,480306.3
2547.1,3,1,1,49.0,1,Suburbs,Semi-Furnished,No,472994.53
1153.8,2,1,2,12.0,2,Waterfront,Semi-Furnished,No,465886.61
2764.8,3,4,2,14.0,2,Downtown,Furnished,Yes,718435.53
1921.0,4,2,2,43.0,1,Downtown,Semi-Furnished,No,497788.61
1786.6,5,3,3,7.0,2,Highland,Unfurnished,No,585248.83
1493.9,3,2,3,9.0,1,Suburbs,Furnished,Yes,512672.28
1172.6,5,2,1,45.0,2,Downtown,Unfurnished,No,394618.64
2411.6,3,2,2,4.0,1,Suburbs,Furnished,Yes,601516.33
2036.7,3,2,2,49.0,1,Suburbs,Unfurnished,No,363827.01
1355.0,2,2,2,18.0,1,Oldtown,Semi-Furnished,No,307215.66
1352.5,3,2,1,46.0,2,Waterfront,Unfurnished,Yes,495366.29
1832.1,5,2,2,37.0,2,Suburbs,Semi-Furnished,No,496244.19
2834.5,3,2,3,10.0,2,Suburbs,Unfurnished,Yes,613511.96
1870.2,3,3,3,42.0,1,Suburbs,Furnished,No,447180.45
1248.4,3,2,1,19.0,0,Oldtown,Semi-Furnished,Yes,356577.68
1877.1,2,2,1,19.0,2,Downtown,Unfurnished,No,403154.05
1863.6,4,2,1,20.0,2,Suburbs,Semi-Furnished,No,452414.14
651.6,3,2,2,17.0,0,Highland,Semi-Furnished,No,304909.14
1972.9,3,3,2,49.0,2,Oldtown,Unfurnished,Yes,467330.89
1884.5,3,2,1,9.0,1,Downtown,Unfurnished,No,492454.7
2348.1,3,1,1,33.0,2,Downtown,Semi-Furnished,No,468322.6
2924.5,2,1,1,25.0,2,Downtown,Unfurnished,No,534272.58
2563.3,3,2,1,29.0,2,Downtown,Unfurnished,No,491990.0
1865.6,2,3,3,8.0,2,Highland,Unfurnished,No,550776.03
1446.7,4,1,2,45.0,1,Highland,Semi-Furnished,No,383118.81
3286.7,4,3,1,30.0,2,Highland,Semi-Furnished,No,709859.29
2029.6,4,2,2,41.0,2,Downtown,Unfurnished,No,417925.43
2007.0,3,2,1,3.0,0,Downtown,Furnished,Yes,518782.48
1987.9,3,4,3,5.0,2,Downtown,Furnished,No,608855.68
2099.0,2,2,1,13.0,3,Suburbs,Unfurnished,No,493073.17
1927.8,4,2,1,3.0,2,Waterfront,Unfurnished,No,553688.41
1713.2,3,1,1,25.0,1,Downtown,Furnished,No,435250.9
1726.6,3,1,2,46.0,2,Downtown,Semi-Furnished,No,398802.58
1983.6,3,2,2,47.0,2,Suburbs,Semi-Furnished,No,443978.73
1728.3,2,1,2,38.0,1,Suburbs,Semi-Furnished,No,382843.3
1643.6,3,2,1,16.0,2,Suburbs,Furnished,No,416785.02
2053.2,2,2,1,18.0,2,Waterfront,Unfurnished,No,555300.43
1872.5,4,2,1,48.0,2,Downtown,Furnished,No,477473.93
2752.0,3,1,2,5.0,1,Highland,Semi-Furnished,No,568897.73
674.5,1,2,1,28.0,2,Suburbs,Semi-Furnished,No,242636.65
2545.8,3,2,2,10.0,3,Suburbs,Furnished,No,542969.69
2623.0,1,4,2,15.0,2,Oldtown,Unfurnished,Yes,584758.46
963.3,3,1,2,29.0,2,Downtown,Semi-Furnished,No,332496.54
1828.7,4,3,1,,1,Highland,Semi-Furnished,No,506617.04
1814.3,2,2,1,39.0,1,Suburbs,Semi-Furnished,No,389363.5
1296.2,4,2,1,10.0,2,Suburbs,Unfurnished,No,412302.23
1611.1,1,2,2,6.0,1,Waterfront,Semi-Furnished,No,521799.23
1444.7,2,1,2,25.0,2,Oldtown,Unfurnished,No,412253.9
2876.1,4,1,1,21.0,1,Waterfront,Unfurnished,No,627777.73
2467.8,3,2,1,24.0,2,Highland,Unfurnished,No,512828.94
2635.8,2,2,2,18.0,1,Downtown,Semi-Furnished,No,563348.13
2360.8,3,4,2,30.0,3,Highland,Unfurnished,No,644447.93
1435.5,3,2,1,25.0,1,Highland,Semi-Furnished,No,414129.33
1737.7,4,1,2,41.0,0,Downtown,Unfurnished,Yes,362221.51
2244.7,3,3,1,40.0,1,Suburbs,Unfurnished,No,465246.48
1388.9,4,2,1,35.0,2,Waterfront,Semi-Furnished,Yes,505925.54
,4,2,3,22.0,1,Suburbs,Unfurnished,No,479331.76
,3,2,2,46.0,1,Suburbs,Semi-Furnished,No,413047.65
1812.6,5,4,2,12.0,1,Oldtown,Semi-Furnished,No,467965.38
2355.5,3,3,1,24.0,2,Downtown,Furnished,No,591436.28
2222.1,5,2,2,1.0,0,Downtown,Furnished,No,574727.78
1819.5,2,2,1,1.0,1,Highland,Semi-Furnished,No,459975.31
2579.7,3,4,1,15.0,1,Suburbs,Furnished,No,567807.83
1459.5,3,2,2,8.0,2,Highland,Unfurnished,No,445933.72
2308.0,3,1,1,27.0,2,Downtown,Semi-Furnished,No,461283.26
2296.6,3,2,2,12.0,2,Suburbs,Semi-Furnished,No,519259.97
1845.2,4,2,2,34.0,3,Downtown,Unfurnished,No,416515.74
2163.1,1,2,1,40.0,3,Oldtown,Unfurnished,No,417785.73
1374.4,2,2,1,12.0,1,Suburbs,Unfurnished,No,343388.68
2462.0,4,2,1,30.0,2,Suburbs,Semi-Furnished,No,537570.36
1907.5,3,1,1,20.0,2,Downtown,Semi-Furnished,No,454401.16
1738.6,5,3,2,31.0,2,Downtown,Semi-Furnished,Yes,575869.99
2524.5,4,2,2,33.0,2,Suburbs,Semi-Furnished,No,552016.33
1647.8,5,2,1,7.0,2,Downtown,Semi-Furnished,No,512252.49
1295.8,4,2,1,40.0,2,Suburbs,Furnished,No,450027.95
1221.7,3,2,2,47.0,2,Suburbs,Unfurnished,No,345702.68
2303.0,2,1,2,1.0,1,Waterfront,Furnished,No,597761.2
1359.8,4,1,1,37.0,1,Highland,Semi-Furnished,No,398450.46
2877.4,3,3,1,31.0,1,Suburbs,Semi-Furnished,No,541381.86
959.0,1,4,2,39.0,1,Downtown,Semi-Furnished,No,348304.54
2848.2,3,2,1,27.0,2,Highland,Semi-Furnished,No,601912.25
2105.5,5,1,1,36.0,1,Highland,Unfurnished,No,461271.42
1951.6,3,2,2,40.0,1,Downtown,Semi-Furnished,No,450895.05
1727.5,3,3,2,0.0,3,Oldtown,Furnished,No,541799.33
2199.6,3,3,2,40.0,2,Downtown,Semi-Furnished,No,483546.8
1981.2,2,1,2,9.0,2,Downtown,Unfurnished,No,507778.39
2551.7,3,1,2,3.0,1,Downtown,Unfurnished,No,537745.61
2057.1,3,3,1,34.0,1,Oldtown,Furnished,No,446047.13
2075.2,2,2,1,9.0,2,Suburbs,Unfurnished,No,490919.43
1818.2,4,2,1,46.0,2,Waterfront,Unfurnished,No,507571.62
1971.5,3,1,1,10.0,1,Downtown,Semi-Furnished,No,447830.73
2153.9,4,2,2,13.0,3,Suburbs,Furnished,No,554500.52
1144.9,4,3,2,37.0,3,Suburbs,Semi-Furnished,No,451682.24
1325.9,2,4,3,11.0,3,Waterfront,Semi-Furnished,No,580675.1
2371.6,3,2,2,44.0,2,Downtown,Semi-Furnished,No,502835.45
2085.4,3,2,1,16.0,1,Downtown,Unfurnished,Yes,526021.25
1908.0,4,1,1,15.0,2,Downtown,Furnished,No,517534.88
2009.2,2,2,2,34.0,2,Oldtown,Semi-Furnished,No,470471.24
2173.8,3,2,2,1.0,1,Suburbs,Semi-Furnished,No,513494.88
1730.1,3,2,2,10.0,2,Suburbs,Furnished,No,504271.08
1610.8,3,2,2,40.0,0,Suburbs,Furnished,No,374820.39
2097.9,2,2,2,2.0,2,Oldtown,Semi-Furnished,No,504995.7
1510.8,3,1,2,28.0,1,Oldtown,Unfurnished,Yes,389260.7
2204.1,4,2,1,17.0,2,Highland,Furnished,No,574356.67
1148.7,3,1,2,19.0,1,Suburbs,Semi-Furnished,No,289116.86
2514.6,3,1,2,46.0,2,Downtown,Furnished,No,516844.99
2236.3,3,4,1,13.0,2,Oldtown,Furnished,Yes,588612.97
2128.0,4,2,2,33.0,2,Suburbs,Unfurnished,No,489051.68
2491.3,2,2,1,48.0,3,Suburbs,Furnished,No,570379.89
2832.7,4,3,3,30.0,2,Suburbs,Semi-Furnished,No,643409.56
2507.2,3,4,1,39.0,3,Oldtown,Semi-Furnished,No,532811.87
1079.6,3,2,2,41.0,0,Suburbs,Unfurnished,No,269341.46
1360.2,2,3,1,17.0,1,Highland,Furnished,No,467571.97
1687.6,2,2,2,29.0,1,Waterfront,Semi-Furnished,No,477605.38
2013.0,3,2,1,24.0,1,Suburbs,Semi-Furnished,No,458233.08
2258.8,3,2,1,18.0,2,Downtown,Furnished,No,539390.09
1637.1,4,2,1,7.0,0,Oldtown,Semi-Furnished,No,381895.65
2093.4,1,2,3,27.0,2,Oldtown,Semi-Furnished,No,439079.37
1622.3,3,2,1,7.0,2,Waterfront,Furnished,No,472116.41
1694.2,3,1,1,30.0,2,Highland,Semi-Furnished,No,437802.71
1296.7,1,2,2,2.0,2,Suburbs,Furnished,No,376897.09
1538.4,2,1,2,2.0,2,Oldtown,Furnished,No,371746.82
1324.2,3,2,3,43.0,1,Suburbs,Semi-Furnished,No,369493.29
1512.1,3,2,1,21.0,1,Waterfront,Semi-Furnished,No,501986.18
2526.8,3,3,2,16.0,2,Oldtown,Unfurnished,No,496598.31
1525.3,3,3,1,35.0,2,Highland,Semi-Furnished,No,473120.95
3316.2,3,3,1,16.0,2,Waterfront,Semi-Furnished,No,723162.78
2246.7,1,2,2,13.0,2,Waterfront,Furnished,No,620222.35
2092.4,3,3,2,8.0,2,Downtown,Unfurnished,Yes,590963.9
1570.8,5,2,2,29.0,2,Highland,Unfurnished,No,463532.45
2350.2,3,1,1,20.0,0,Downtown,Unfurnished,No,441765.42
1712.2,3,1,1,11.0,2,Suburbs,Unfurnished,No,384356.72
2061.0,3,2,1,36.0,2,Downtown,Semi-Furnished,No,477709.02
3280.0,4,2,3,31.0,1,Suburbs,Unfurnished,No,618772.72
1952.0,4,2,1,10.0,1,Waterfront,Unfurnished,No,519139.28
2574.6,3,3,1,19.0,2,Oldtown,Unfurnished,No,489210.6
1648.4,5,1,1,34.0,1,Suburbs,Furnished,Yes,467218.27
1982.5,2,1,2,46.0,1,Suburbs,Furnished,No,405800.96
2885.4,1,4,1,45.0,2,Suburbs,Unfurnished,No,560993.95
1686.5,4,1,3,10.0,1,Oldtown,Semi-Furnished,No,404621.88
2906.2,4,2,1,7.0,2,Suburbs,Semi-Furnished,No,576735.95
2353.9,2,2,2,3.0,1,Highland,Unfurnished,Yes,541569.19
1718.8,3,2,1,26.0,2,Oldtown,Semi-Furnished,No,397533.05
2316.2,1,1,2,43.0,2,Suburbs,Unfurnished,No,422155.62
2486.3,3,1,3,39.0,2,Oldtown,Furnished,Yes,535957.65
2310.9,4,1,1,37.0,1,Oldtown,Unfurnished,No,452029.21
1214.9,3,2,3,46.0,2,Oldtown,Furnished,No,357532.82
1636.4,3,2,1,29.0,2,Suburbs,Unfurnished,No,394791.67
1876.2,3,2,3,,2,Suburbs,Semi-Furnished,No,429472.8
1962.8,1,2,2,47.0,2,Oldtown,Furnished,Yes,437305.99
2310.3,3,3,1,47.0,2,Suburbs,Unfurnished,No,470681.89
2088.9,3,1,1,26.0,3,Highland,Semi-Furnished,No,477646.16
1332.3,5,2,1,20.0,0,Downtown,Semi-Furnished,Yes,431114.72
2190.1,4,2,1,19.0,0,Downtown,Semi-Furnished,No,489018.14
2305.3,1,2,1,3.0,2,Suburbs,Unfurnished,Yes,537369.51
2279.9,4,2,1,10.0,1,Highland,Unfurnished,No,494589.85
2540.4,4,2,1,12.0,3,Suburbs,Semi-Furnished,No,573642.9
2417.0,4,3,2,8.0,2,Highland,Semi-Furnished,No,618886.63
2229.6,3,3,1,3.0,2,Suburbs,Semi-Furnished,No,484746.27
1964.9,3,2,1,11.0,1,Highland,Unfurnished,No,439370.38
1169.5,3,3,2,8.0,1,Highland,Semi-Furnished,No,445616.03
2214.8,2,2,1,12.0,2,Suburbs,Semi-Furnished,Yes,484560.67
2103.8,2,2,1,47.0,3,Suburbs,Semi-Furnished,No,443225.75
2135.8,2,2,1,25.0,3,Downtown,Semi-Furnished,No,447233.67
1361.6,3,1,3,37.0,1,Suburbs,Unfurnished,No,332421.28
1459.5,4,3,2,41.0,1,Highland,Unfurnished,Yes,417598.88
2526.6,3,2,1,12.0,0,Suburbs,Unfurnished,No,456674.71
,2,2,2,38.0,2,Suburbs,Semi-Furnished,No,426083.22
2340.8,5,4,2,27.0,1,Highland,Unfurnished,No,594565.68
2014.2,5,1,2,18.0,0,Downtown,Semi-Furnished,No,459785.32
2014.9,4,2,2,23.0,1,Oldtown,Semi-Furnished,Yes,461287.85
2469.1,5,1,2,18.0,1,Downtown,Semi-Furnished,No,512266.65
1742.0,3,3,1,48.0,3,Oldtown,Semi-Furnished,No,385084.6
2048.1,5,3,1,12.0,2,Suburbs,Unfurnished,No,518529.38
1768.9,2,2,1,12.0,1,Suburbs,Semi-Furnished,No,406922.31
1782.8,3,2,2,27.0,1,Suburbs,Furnished,No,456265.43
1845.4,2,2,2,1.0,1,Downtown,Semi-Furnished,No,455746.13
2111.1,2,3,2,9.0,0,Suburbs,Semi-Furnished,No,425169.44
1760.6,2,2,3,21.0,1,Downtown,Furnished,No,464175.1
,3,2,1,12.0,2,Highland,Semi-Furnished,Yes,623221.54
1552.7,4,4,2,8.0,1,Suburbs,Unfurnished,No,435604.84
1906.6,3,2,2,32.0,1,Waterfront,Semi-Furnished,No,501641.71
1780.1,2,1,3,13.0,1,Downtown,Unfurnished,No,435289.21
2723.5,4,2,3,47.0,2,Oldtown,Semi-Furnished,No,550934.21
2098.3,3,4,2,19.0,2,Suburbs,Semi-Furnished,No,567315.02
2515.9,3,2,1,14.0,2,Downtown,Furnished,No,615163.19
1257.2,3,1,2,31.0,2,Suburbs,Semi-Furnished,No,311096.16
2133.5,3,2,1,32.0,2,Downtown,Semi-Furnished,No,474151.32
2444.8,3,2,2,16.0,0,Downtown,Semi-Furnished,No,518268.71
2041.1,5,1,3,23.0,3,Suburbs,Furnished,No,551426.37
2532.7,3,2,1,29.0,1,Highland,Furnished,No,574525.85
1741.4,3,4,2,12.0,2,Oldtown,Furnished,No,527778.32
2704.7,4,2,1,46.0,2,Suburbs,Unfurnished,No,539821.6
3149.4,4,2,1,47.0,2,Oldtown,Semi-Furnished,No,565067.89
1818.6,2,2,1,15.0,3,Oldtown,Unfurnished,No,403517.09
1777.2,2,1,2,1.0,2,Oldtown,Unfurnished,No,450818.76
2726.7,1,3,3,16.0,2,Suburbs,Furnished,No,604836.2
2789.8,3,2,3,31.0,2,Downtown,Furnished,No,614528.14
1738.6,3,2,1,42.0,3,Downtown,Unfurnished,No,405422.92
1789.9,2,2,2,7.0,3,Highland,Unfurnished,No,502375.5
1859.1,5,2,2,2.0,2,Suburbs,Unfurnished,No,520805.17
1327.8,3,2,1,11.0,2,Downtown,Furnished,No,420621.33
1540.7,2,1,1,19.0,1,Suburbs,Unfurnished,Yes,363746.39
1497.9,3,3,1,15.0,1,Downtown,Unfurnished,No,422980.47
1616.1,3,4,3,13.0,2,Highland,Unfurnished,No,543136.52
1982.7,2,2,2,15.0,3,Downtown,Semi-Furnished,No,505423.03
2117.1,3,4,2,48.0,2,Highland,Furnished,No,556612.65
2775.3,4,1,1,42.0,3,Waterfront,Unfurnished,No,608860.98
1500.8,3,2,2,48.0,2,Downtown,Semi-Furnished,No,379833.85
2492.2,3,2,1,32.0,1,Suburbs,Unfurnished,No,446404.89
1893.0,3,2,1,29.0,1,Waterfront,Semi-Furnished,No,492434.0
1975.3,1,2,2,11.0,1,Suburbs,Semi-Furnished,No,393277.75
2337.4,2,2,1,14.0,1,Downtown,Unfurnished,No,503512.79
1438.6,3,1,2,17.0,2,Suburbs,Unfurnished,No,381225.87
2191.2,2,2,1,27.0,3,Highland,Furnished,No,543100.26
2083.2,1,1,2,22.0,2,Highland,Unfurnished,No,486200.83
2246.2,4,3,1,13.0,2,Downtown,Semi-Furnished,No,578893.26
2144.6,5,2,2,29.0,0,Suburbs,Semi-Furnished,No,448809.73
3227.7,4,1,1,32.0,1,Suburbs,Unfurnished,No,573252.78
1681.1,4,2,1,44.0,2,Waterfront,Semi-Furnished,No,530242.14
1734.5,2,2,3,14.0,1,Suburbs,Furnished,No,424392.14
1688.4,5,3,1,6.0,1,Waterfront,Semi-Furnished,Yes,632981.1
1722.3,2,2,2,14.0,2,Suburbs,Unfurnished,Yes,448190.13
1681.3,5,2,3,41.0,1,Highland,Semi-Furnished,No,503485.48
2594.5,5,3,1,45.0,3,Suburbs,Semi-Furnished,No,567892.32
2710.3,4,2,1,37.0,1,Highland,Semi-Furnished,Yes,582496.94
1714.6,5,1,2,45.0,0,Suburbs,Semi-Furnished,No,361998.37
1583.8,3,2,3,43.0,0,Waterfront,Unfurnished,No,433154.46
2235.7,3,4,3,10.0,1,Suburbs,Semi-Furnished,No,525276.03
1723.9,3,2,2,28.0,2,Suburbs,Semi-Furnished,No,370791.68
2316.5,3,2,2,30.0,2,Suburbs,Semi-Furnished,No,475609.08
2101.5,2,1,1,24.0,2,Waterfront,Semi-Furnished,No,591140.96
1242.1,3,1,3,23.0,2,Highland,Unfurnished,No,411411.88
2773.8,5,2,3,18.0,1,Suburbs,Semi-Furnished,No,643855.88
2897.9,2,2,1,1.0,2,Highland,Furnished,No,625597.65
1693.6,4,1,1,21.0,0,Highland,Semi-Furnished,No,394324.64
1806.1,5,4,1,19.0,1,Oldtown,Semi-Furnished,No,521851.42
2142.9,5,3,1,32.0,2,Waterfront,Semi-Furnished,No,625145.98
,5,2,2,7.0,2,Highland,Furnished,No,577785.52
2329.3,3,3,1,24.0,2,Suburbs,Furnished,No,553535.59
3005.1,5,1,1,45.0,1,Waterfront,Semi-Furnished,No,662884.39
1911.5,4,2,1,8.0,1,Highland,Unfurnished,No,444086.36
1600.9,2,2,3,33.0,3,Oldtown,Furnished,No,454118.62
1310.3,3,3,2,22.0,1,Downtown,Semi-Furnished,No,384797.73
1634.5,4,3,1,4.0,1,Downtown,Semi-Furnished,No,506263.08
1983.4,2,2,1,,1,Downtown,Furnished,No,464979.84
2897.3,3,4,3,7.0,1,Highland,Semi-Furnished,No,701015.0
1741.2,3,1,2,15.0,1,Oldtown,Unfurnished,No,368507.22
2111.9,2,3,1,47.0,2,Downtown,Furnished,No,449487.22
1991.8,3,4,1,44.0,2,Highland,Semi-Furnished,No,507178.82
2594.2,4,1,1,14.0,3,Highland,Semi-Furnished,No,611749.58
3263.5,3,3,1,0.0,0,Highland,Unfurnished,No,689456.67
1734.6,1,1,2,21.0,1,Suburbs,Semi-Furnished,No,373005.13
1755.3,1,2,3,2.0,2,Waterfront,Unfurnished,Yes,564074.82
2522.1,3,2,1,37.0,2,Downtown,Semi-Furnished,No,538642.22
2340.9,5,2,2,13.0,2,Waterfront,Semi-Furnished,No,676310.86
2923.4,2,4,1,35.0,2,Suburbs,Furnished,No,609121.28
2292.0,3,2,2,17.0,0,Suburbs,Semi-Furnished,No,472416.05
1820.4,2,2,2,46.0,2,Waterfront,Furnished,No,533582.68
2295.3,3,3,1,40.0,2,Suburbs,Furnished,No,515528.05
2554.4,4,4,1,17.0,1,Downtown,Semi-Furnished,No,603566.74
2410.2,4,1,2,2.0,2,Highland,Unfurnished,No,607518.01
2253.6,2,4,1,9.0,2,Suburbs,Furnished,No,505803.87
2533.3,3,1,1,48.0,1,Suburbs,Semi-Furnished,No,435439.09
2584.6,1,3,2,38.0,0,Suburbs,Unfurnished,No,437248.88
2691.1,3,2,3,46.0,1,Downtown,Unfurnished,No,563249.62
2324.4,3,1,1,0.0,2,Suburbs,Furnished,No,512400.54
1916.4,2,2,2,26.0,1,Downtown,Unfurnished,No,445765.53
2073.4,3,2,1,26.0,1,Oldtown,Unfurnished,No,443285.49
2603.3,3,2,2,10.0,0,Downtown,Semi-Furnished,No,514365.3
1591.5,5,1,2,48.0,2,Suburbs,Furnished,No,405195.92
2184.3,5,2,2,4.0,2,Downtown,Semi-Furnished,No,605422.46
1803.3,1,4,1,6.0,2,Downtown,Unfurnished,No,453173.1
2014.4,4,2,2,18.0,1,Highland,Unfurnished,No,485780.18
2639.2,3,2,2,28.0,3,Highland,Semi-Furnished,No,565098.22
2095.5,3,2,1,14.0,2,Downtown,Unfurnished,No,520750.03
2023.2,4,1,1,34.0,2,Downtown,Semi-Furnished,No,444455.03
1320.1,5,3,1,46.0,2,Downtown,Unfurnished,No,418987.64
2373.1,5,3,1,36.0,2,Waterfront,Furnished,Yes,715474.72
2322.7,3,2,2,11.0,2,Highland,Semi-Furnished,No,545448.13
3081.6,3,2,1,29.0,0,Downtown,Unfurnished,No,495395.28
1846.1,4,3,1,19.0,2,Suburbs,Furnished,No,495246.7
2109.6,3,2,2,36.0,2,Highland,Unfurnished,No,489053.33
2124.7,3,3,1,2.0,2,Oldtown,Semi-Furnished,No,503050.43
2788.7,3,2,2,8.0,3,Oldtown,Furnished,No,610672.62
1952.4,3,3,1,40.0,2,Suburbs,Semi-Furnished,No,440812.95
2139.5,2,2,3,38.0,1,Downtown,Semi-Furnished,No,463702.86
2303.9,2,2,2,25.0,0,Downtown,Semi-Furnished,No,479916.38
2093.3,5,4,2,1.0,2,Waterfront,Unfurnished,No,654400.11
1776.8,2,2,1,22.0,2,Oldtown,Unfurnished,No,381430.9
2097.0,3,2,2,22.0,1,Suburbs,Semi-Furnished,No,449171.43
2536.8,2,2,1,20.0,1,Suburbs,Semi-Furnished,No,492808.04
1486.7,1,2,1,15.0,2,Suburbs,Unfurnished,No,385123.49
2066.5,1,2,1,8.0,2,Suburbs,Unfurnished,No,464112.62
1649.9,2,1,2,12.0,3,Suburbs,Furnished,Yes,517825.02
2597.5,4,1,1,27.0,2,Highland,Furnished,No,562950.48
1238.4,3,2,2,26.0,2,Downtown,Semi-Furnished,No,396157.61
1720.5,5,3,1,16.0,2,Suburbs,Furnished,No,472540.88
2188.6,3,2,1,37.0,3,Highland,Semi-Furnished,No,513668.99
2782.8,3,2,2,35.0,2,Downtown,Unfurnished,No,554260.5
1967.1,3,2,1,0.0,2,Downtown,Unfurnished,No,472626.29
1722.4,3,1,2,17.0,3,Suburbs,Unfurnished,No,412743.2
,4,2,1,8.0,3,Oldtown,Furnished,Yes,624826.97
1276.0,3,1,2,12.0,1,Waterfront,Semi-Furnished,No,418171.35
900.6,3,1,2,39.0,0,Downtown,Semi-Furnished,Yes,318385.23
2220.0,4,2,1,44.0,1,Suburbs,Unfurnished,No,435652.7
1749.0,5,2,1,14.0,0,Suburbs,Semi-Furnished,No,433153.14
1489.4,4,1,2,42.0,1,Highland,Furnished,No,409853.67
2354.2,3,2,2,43.0,1,Highland,Furnished,No,529192.74
2121.9,4,2,1,45.0,1,Oldtown,Unfurnished,No,436890.78
1718.0,3,2,1,3.0,2,Suburbs,Semi-Furnished,No,443232.76
1359.8,3,2,2,32.0,2,Oldtown,Unfurnished,Yes,378980.01
2436.2,2,3,2,23.0,1,Oldtown,Semi-Furnished,Yes,507973.74
2325.1,3,1,1,35.0,2,Oldtown,Semi-Furnished,No,458949.07
1950.4,2,2,1,40.0,2,Highland,Unfurnished,No,395465.89
2923.3,3,1,1,9.0,2,Suburbs,Furnished,No,556037.75
1465.0,4,1,2,35.0,3,Suburbs,Unfurnished,No,401259.4
1237.2,2,2,1,19.0,1,Downtown,Furnished,No,328004.66
1654.0,2,2,3,40.0,1,Downtown,Unfurnished,Yes,426126.65
1977.2,2,3,1,44.0,2,Highland,Semi-Furnished,No,479694.03
2121.7,5,2,1,43.0,1,Highland,Furnished,No,503416.93
1879.4,3,4,2,10.0,2,Oldtown,Semi-Furnished,No,483958.61
2176.0,3,1,3,11.0,1,Downtown,Semi-Furnished,No,489087.22
1374.2,4,1,2,17.0,1,Downtown,Semi-Furnished,No,417932.24
2721.9,4,1,1,29.0,1,Waterfront,Unfurnished,No,632610.31
1958.9,3,1,2,43.0,1,Suburbs,Semi-Furnished,Yes,439958.15
2558.6,3,2,2,47.0,2,Downtown,Semi-Furnished,No,485930.63
2171.4,4,2,1,36.0,2,Oldtown,Furnished,No,493566.08
2228.4,3,1,1,19.0,1,Waterfront,Furnished,No,549695.61
2284.9,2,4,1,24.0,1,Suburbs,Semi-Furnished,Yes,513000.47
2223.9,4,3,1,11.0,0,Waterfront,Semi-Furnished,Yes,611655.69
,3,2,3,20.0,0,Highland,Furnished,No,529618.62
2664.6,3,1,1,24.0,2,Waterfront,Semi-Furnished,No,572677.96
2098.3,3,1,3,10.0,0,Waterfront,Unfurnished,Yes,572214.55
2354.5,1,1,2,8.0,2,Downtown,Semi-Furnished,No,548643.9
1955.1,2,1,2,49.0,2,Highland,Furnished,No,428336.08
2720.1,4,2,2,24.0,0,Downtown,Semi-Furnished,No,598540.71
1661.8,1,2,1,34.0,2,Downtown,Semi-Furnished,No,400819.38
2900.5,3,2,1,31.0,3,Oldtown,Unfurnished,No,542533.99
1979.9,3,4,1,48.0,2,Suburbs,Furnished,No,483941.53
1284.6,2,2,2,13.0,2,Highland,Semi-Furnished,No,403399.89
2064.1,5,4,1,0.0,2,Waterfront,Semi-Furnished,No,676982.58
1659.5,2,1,2,16.0,2,Oldtown,Unfurnished,No,382986.38
2420.3,3,2,1,24.0,1,Oldtown,Unfurnished,No,391010.04
1673.7,3,2,1,7.0,2,Suburbs,Furnished,No,518018.52
1776.9,2,1,1,4.0,2,Suburbs,Furnished,No,385154.33
1055.2,1,1,3,4.0,2,Downtown,Semi-Furnished,No,356769.34
1773.8,4,2,2,40.0,3,Suburbs,Unfurnished,Yes,422904.42
788.1,5,2,1,34.0,2,Suburbs,Semi-Furnished,Yes,359069.51
1208.0,2,2,2,18.0,1,Highland,Unfurnished,Yes,399829.23
2380.2,3,2,1,22.0,0,Highland,Unfurnished,No,469432.55
2392.9,4,2,3,8.0,2,Oldtown,Furnished,No,583156.35
2212.7,4,1,2,29.0,2,Highland,Furnished,Yes,574632.16
1516.5,3,2,1,49.0,2,Highland,Unfurnished,No,403641.9
1976.1,3,1,2,15.0,3,Suburbs,Semi-Furnished,No,445204.05
1998.2,3,1,1,32.0,2,Downtown,Unfurnished,No,430318.43
1420.8,4,4,3,1.0,2,Suburbs,Unfurnished,No,481506.09
2751.7,4,2,1,13.0,0,Waterfront,Unfurnished,No,603345.41
2438.7,2,3,2,45.0,2,Downtown,Semi-Furnished,No,540400.45
1889.5,3,2,1,0.0,2,Highland,Unfurnished,No,481134.51
2013.4,5,2,2,25.0,2,Highland,Semi-Furnished,No,538984.01
2104.2,4,2,2,24.0,2,Downtown,Unfurnished,Yes,519846.83
979.1,5,1,2,15.0,2,Suburbs,Unfurnished,No,376883.71
1876.4,4,1,2,14.0,1,Suburbs,Unfurnished,No,439580.46
1659.0,3,3,2,25.0,1,Suburbs,Furnished,Yes,494580.53
1499.2,3,2,1,46.0,2,Waterfront,Semi-Furnished,No,460636.3
1859.4,3,2,1,43.0,1,Highland,Furnished,No,448924.69
2898.8,2,2,1,15.0,1,Highland,Semi-Furnished,No,601711.78
2320.4,3,4,3,13.0,1,Waterfront,Semi-Furnished,No,685290.71
1714.4,4,1,1,28.0,2,Highland,Semi-Furnished,Yes,511400.37
2286.3,2,2,2,23.0,0,Oldtown,Unfurnished,No,409207.69
,4,2,2,46.0,2,Downtown,Semi-Furnished,Yes,620846.31
2462.3,3,3,1,14.0,2,Highland,Semi-Furnished,No,615394.87
2029.8,5,4,1,18.0,2,Suburbs,Semi-Furnished,No,520824.18
1676.5,1,2,1,7.0,2,Suburbs,Semi-Furnished,No,380057.72
2349.1,3,3,1,33.0,1,Downtown,Semi-Furnished,No,519173.51
2196.7,3,3,1,1.0,2,Highland,Furnished,No,558535.58
2447.6,3,2,1,26.0,3,Downtown,Semi-Furnished,No,506115.97
2317.6,4,2,2,9.0,2,Downtown,Semi-Furnished,No,596676.45
2524.8,4,2,3,34.0,3,Oldtown,Semi-Furnished,No,595895.63
1732.4,2,4,1,22.0,2,Waterfront,Furnished,No,548985.4
2658.7,3,1,1,48.0,1,Highland,Semi-Furnished,No,460643.97
2098.8,3,3,1,7.0,0,Waterfront,Semi-Furnished,No,550126.23
3037.6,3,2,2,27.0,2,Oldtown,Unfurnished,No,593435.86
1655.4,5,3,2,22.0,1,Highland,Semi-Furnished,Yes,534980.27
2868.0,4,2,1,3.0,1,Downtown,Unfurnished,No,587925.2
2099.0,3,2,1,13.0,2,Oldtown,Semi-Furnished,No,471397.69
1674.3,4,3,2,41.0,1,Highland,Furnished,No,494061.11
1758.1,3,3,2,28.0,1,Suburbs,Furnished,No,497718.63
1839.8,5,3,1,0.0,2,Suburbs,Semi-Furnished,Yes,539781.89
2212.1,3,1,2,3.0,2,Suburbs,Furnished,No,514294.79
2261.4,4,2,1,31.0,1,Oldtown,Unfurnished,Yes,484980.77
1713.1,4,1,1,32.0,2,Suburbs,Furnished,No,417953.11
1987.8,3,2,2,48.0,2,Oldtown,Semi-Furnished,Yes,435461.19
3071.1,4,2,2,25.0,2,Oldtown,Semi-Furnished,No,561722.83
2863.8,2,2,1,16.0,0,Highland,Furnished,No,530115.66
2218.2,3,2,3,38.0,0,Highland,Furnished,No,532735.79
2019.0,3,4,1,22.0,2,Suburbs,Unfurnished,No,472370.13
2060.0,5,1,2,31.0,1,Downtown,Furnished,No,509733.75
2306.8,4,2,1,14.0,3,Downtown,Unfurnished,No,551179.65
1488.6,4,2,2,12.0,2,Waterfront,Furnished,No,534861.02
1871.3,4,1,3,1.0,2,Suburbs,Semi-Furnished,No,467609.93
1165.7,3,1,1,18.0,3,Downtown,Unfurnished,No,370635.28
2199.6,5,4,3,23.0,2,Suburbs,Semi-Furnished,No,596295.51
2323.6,3,3,2,44.0,1,Oldtown,Semi-Furnished,No,486332.56
1758.4,3,4,2,23.0,1,Suburbs,Semi-Furnished,No,459971.2
2787.0,2,4,1,10.0,2,Oldtown,Unfurnished,Yes,588271.51
1387.1,4,2,2,21.0,1,Suburbs,Unfurnished,No,382000.82
1267.8,4,2,2,14.0,2,Suburbs,Furnished,No,465835.49
2112.2,3,2,1,9.0,2,Downtown,Unfurnished,No,447750.13
2523.5,1,2,3,40.0,3,Suburbs,Semi-Furnished,Yes,544849.58
2842.0,4,2,1,26.0,2,Highland,Semi-Furnished,No,621596.67
1770.6,1,2,1,8.0,2,Downtown,Unfurnished,No,430279.09
2539.3,4,2,2,27.0,1,Highland,Semi-Furnished,No,580446.33
1980.7,5,2,2,0.0,2,Highland,Semi-Furnished,No,556948.12
1913.7,3,1,2,16.0,0,Highland,Semi-Furnished,No,401144.46
2441.8,2,2,1,30.0,2,Waterfront,Semi-Furnished,No,625806.91
2326.2,4,2,3,43.0,0,Suburbs,Semi-Furnished,No,503635.27
1211.8,4,2,1,9.0,2,Highland,Semi-Furnished,Yes,471012.02
2738.3,3,2,1,36.0,0,Oldtown,Furnished,No,467350.91
2690.0,5,3,1,28.0,1,Oldtown,Unfurnished,No,521941.29
1687.2,2,1,2,17.0,2,Oldtown,Furnished,No,412793.33
2197.9,3,2,3,46.0,2,Suburbs,Semi-Furnished,No,480257.41
2247.0,4,3,2,37.0,1,Waterfront,Furnished,No,622879.33
2130.3,4,2,2,38.0,1,Highland,Semi-Furnished,No,543293.86
1724.8,2,2,1,48.0,2,Downtown,Semi-Furnished,No,424473.57
1664.2,4,2,2,5.0,2,Waterfront,Furnished,No,559433.14
1987.2,3,2,1,39.0,0,Highland,Unfurnished,Yes,456589.73
2586.4,3,3,1,11.0,2,Downtown,Unfurnished,No,561154.65
2271.8,2,3,1,13.0,0,Downtown,Unfurnished,No,482464.59
1814.7,4,2,2,43.0,2,Waterfront,Furnished,No,559579.85
2385.8,2,2,2,9.0,1,Downtown,Semi-Furnished,No,597694.39
600.0,3,1,2,19.0,2,Downtown,Semi-Furnished,No,319931.54
2574.4,3,2,1,14.0,1,Suburbs,Semi-Furnished,No,508771.34
1130.1,4,2,1,30.0,3,Downtown,Semi-Furnished,No,449692.32
1818.8,3,2,2,6.0,1,Oldtown,Furnished,No,459192.28
1440.2,4,2,1,40.0,1,Suburbs,Semi-Furnished,No,321851.7
1352.7,3,2,2,9.0,1,Highland,Furnished,No,446407.94
2580.4,3,1,2,9.0,2,Oldtown,Unfurnished,No,519192.19
1766.1,3,2,1,47.0,2,Suburbs,Unfurnished,No,394651.16
2173.3,4,2,3,38.0,2,Suburbs,Semi-Furnished,No,533319.6
1976.5,5,3,2,27.0,3,Waterfront,Semi-Furnished,No,645627.68
2238.5,1,1,1,29.0,3,Suburbs,Semi-Furnished,No,444900.22
2038.4,3,2,2,36.0,2,Suburbs,Semi-Furnished,No,426347.43
1358.5,2,4,1,2.0,1,Highland,Unfurnished,No,478831.02
2498.1,3,1,2,49.0,2,Waterfront,Semi-Furnished,No,568335.92
1753.1,3,2,2,42.0,1,Waterfront,Semi-Furnished,No,473486.23
1221.7,3,1,3,14.0,2,Oldtown,Unfurnished,No,418502.78
1785.9,3,2,2,20.0,2,Waterfront,Semi-Furnished,Yes,632315.23
2750.4,3,2,1,36.0,2,Waterfront,Semi-Furnished,No,617651.86
2425.1,3,2,2,11.0,2,Oldtown,Semi-Furnished,No,475796.52
1825.7,4,2,1,3.0,2,Downtown,Unfurnished,No,464519.09
1825.4,3,3,2,46.0,3,Suburbs,Furnished,No,530322.93
1839.2,2,1,2,8.0,1,Highland,Semi-Furnished,No,453519.73
3038.4,4,1,1,38.0,1,Highland,Unfurnished,No,520268.97
2191.0,3,3,1,41.0,2,Downtown,Semi-Furnished,Yes,565315.67
2215.0,3,2,2,27.0,3,Suburbs,Furnished,Yes,570156.05
2515.1,3,3,2,22.0,0,Suburbs,Semi-Furnished,Yes,540199.46
2119.4,3,2,1,44.0,0,Highland,Furnished,No,445206.34
1870.5,2,3,1,39.0,0,Waterfront,Unfurnished,Yes,543317.28
1901.8,3,2,1,43.0,0,Oldtown,Furnished,No,393284.92
1964.2,5,3,2,21.0,3,Waterfront,Semi-Furnished,No,610352.48
1981.4,3,4,1,23.0,2,Waterfront,Unfurnished,No,596346.39
2363.8,3,2,2,25.0,2,Suburbs,Semi-Furnished,No,516348.15
2026.0,3,1,1,29.0,2,Suburbs,Furnished,No,434806.56
2366.3,2,2,2,32.0,2,Suburbs,Furnished,No,501366.38
1959.6,3,1,1,15.0,1,Highland,Semi-Furnished,No,430530.69
2039.3,4,2,2,21.0,1,Downtown,Unfurnished,Yes,505954.95
1000.9,2,2,1,48.0,2,Highland,Semi-Furnished,No,336751.05
2458.2,3,2,2,,1,Highland,Unfurnished,No,492240.41
2173.2,3,2,1,42.0,2,Suburbs,Unfurnished,No,451031.35
2499.0,3,2,2,17.0,1,Oldtown,Semi-Furnished,Yes,522856.12
600.0,5,2,2,6.0,0,Highland,Furnished,No,388487.37
3044.2,2,1,1,49.0,1,Downtown,Semi-Furnished,No,544363.6
1930.2,3,1,2,25.0,2,Suburbs,Unfurnished,Yes,461455.03
2554.1,2,1,2,7.0,0,Highland,Semi-Furnished,No,527106.63
1480.0,5,2,1,5.0,3,Suburbs,Furnished,No,499596.72
2306.4,2,2,1,29.0,0,Downtown,Semi-Furnished,No,437413.98
1473.3,3,2,1,38.0,2,Highland,Semi-Furnished,No,427279.19
1688.1,4,2,2,22.0,2,Oldtown,Furnished,No,399463.0
2957.0,4,3,2,31.0,3,Suburbs,Furnished,No,592977.72
1904.7,3,1,1,21.0,2,Oldtown,Unfurnished,Yes,422122.1
2108.7,3,2,2,41.0,1,Waterfront,Semi-Furnished,Yes,597682.62
2435.0,3,2,2,42.0,1,Downtown,Furnished,No,522677.73
2247.8,3,3,3,44.0,2,Highland,Semi-Furnished,No,578587.75
2075.2,2,4,2,8.0,1,Suburbs,Unfurnished,Yes,507381.74
2182.5,3,1,3,30.0,0,Suburbs,Semi-Furnished,No,456968.65
3201.7,3,1,2,6.0,2,Highland,Semi-Furnished,No,692725.25
1971.2,3,3,1,8.0,2,Highland,Furnished,No,536532.61
2100.5,3,2,2,12.0,2,Downtown,Semi-Furnished,No,541940.91
2525.3,5,2,1,2.0,3,Oldtown,Semi-Furnished,No,580209.72
2552.8,3,2,1,34.0,2,Waterfront,Furnished,No,638577.57
2593.5,2,2,1,32.0,2,Oldtown,Semi-Furnished,No,525492.11
2319.4,2,4,2,20.0,2,Suburbs,Unfurnished,Yes,582506.4
1428.5,5,4,2,30.0,1,Oldtown,Furnished,No,477530.76
2816.7,3,3,1,33.0,1,Suburbs,Semi-Furnished,No,511829.78
1426.8,2,2,1,31.0,3,Downtown,Semi-Furnished,Yes,466360.3
2151.3,3,3,1,34.0,3,Waterfront,Semi-Furnished,No,646608.31
1622.9,3,1,2,14.0,2,Highland,Unfurnished,No,414855.93
1967.9,3,2,1,31.0,2,Highland,Furnished,No,492876.12
2164.4,3,3,2,5.0,2,Suburbs,Semi-Furnished,No,555878.91
2160.7,1,2,1,44.0,0,Downtown,Semi-Furnished,No,410676.04
2211.0,5,2,1,20.0,1,Highland,Unfurnished,No,482322.05
2806.9,3,1,1,32.0,2,Suburbs,Semi-Furnished,No,519545.46
2226.8,3,3,1,31.0,2,Highland,Furnished,Yes,588695.01
1877.9,4,2,3,,1,Suburbs,Furnished,No,470534.22
2482.0,3,2,1,32.0,1,Oldtown,Furnished,No,518363.35
2594.7,3,2,1,27.0,1,Highland,Semi-Furnished,No,539104.74
1386.2,3,3,1,30.0,2,Highland,Semi-Furnished,No,461919.75
2298.7,3,3,1,20.0,2,Oldtown,Semi-Furnished,No,474508.68
2350.6,4,2,1,33.0,2,Highland,Furnished,No,574194.01
1851.2,5,2,1,14.0,1,Downtown,Semi-Furnished,No,506888.43
2687.9,2,2,2,13.0,2,Downtown,Semi-Furnished,No,570888.69
1925.0,2,4,2,18.0,2,Highland,Semi-Furnished,No,531967.16
2062.8,5,2,1,42.0,2,Suburbs,Unfurnished,No,421527.79
1913.5,4,4,1,14.0,1,Highland,Semi-Furnished,Yes,556114.37
2007.8,4,2,3,5.0,2,Downtown,Furnished,No,561618.91
1451.9,2,3,1,8.0,3,Suburbs,Unfurnished,No,399225.72
1280.0,3,3,1,36.0,0,Suburbs,Unfurnished,No,299198.28
2797.3,4,2,1,19.0,1,Oldtown,Unfurnished,No,521822.73
1576.5,3,4,1,33.0,2,Highland,Furnished,No,508527.02
1504.3,3,2,2,37.0,2,Oldtown,Semi-Furnished,No,408387.58
923.3,1,1,1,25.0,1,Oldtown,Unfurnished,No,196752.26
1680.5,3,2,2,17.0,1,Downtown,Semi-Furnished,No,444841.93
1338.5,3,3,1,27.0,1,Suburbs,Semi-Furnished,No,362772.19
2821.0,3,2,1,8.0,3,Waterfront,Semi-Furnished,No,680711.78
2504.9,5,2,2,31.0,2,Oldtown,Semi-Furnished,No,530485.54
1655.9,3,2,1,5.0,2,Suburbs,Semi-Furnished,No,429806.59
3126.2,4,2,2,13.0,2,Oldtown,Semi-Furnished,No,625806.05
2490.9,2,2,1,27.0,1,Downtown,Unfurnished,Yes,513246.98
1837.6,3,2,2,23.0,2,Suburbs,Unfurnished,No,468593.38
750.3,5,3,1,12.0,2,Highland,Semi-Furnished,No,370025.65
3145.5,2,2,2,42.0,1,Suburbs,Semi-Furnished,Yes,616405.39
1305.2,1,2,1,11.0,2,Downtown,Semi-Furnished,No,371213.06
1177.3,3,2,2,18.0,2,Suburbs,Unfurnished,No,359955.25
2511.3,2,1,1,20.0,2,Downtown,Unfurnished,No,489113.84
3219.9,4,3,2,26.0,1,Highland,Furnished,No,710826.2
2692.1,5,4,1,18.0,3,Oldtown,Semi-Furnished,No,608449.08
,3,2,3,23.0,3,Oldtown,Semi-Furnished,Yes,554813.07
2297.4,3,3,1,25.0,1,Highland,Furnished,No,563199.25
2426.7,3,3,1,44.0,0,Suburbs,Semi-Furnished,No,418950.46
2379.5,4,3,1,27.0,1,Suburbs,Furnished,No,532281.55
2140.6,1,1,1,45.0,3,Downtown,Semi-Furnished,No,416928.24
2052.1,3,4,1,17.0,2,Suburbs,Unfurnished,No,477646.34
1968.7,3,2,3,43.0,1,Downtown,Semi-Furnished,No,424682.82
1623.0,3,2,3,35.0,1,Waterfront,Semi-Furnished,No,528069.68
1859.7,2,1,1,41.0,1,Oldtown,Semi-Furnished,No,342930.14
1153.5,4,2,3,28.0,2,Suburbs,Semi-Furnished,No,381015.56
1950.8,2,1,2,16.0,2,Highland,Semi-Furnished,No,470785.67
1505.7,2,2,1,3.0,3,Downtown,Unfurnished,No,408762.48
1448.2,4,2,2,43.0,2,Highland,Unfurnished,No,408779.99
,4,3,2,44.0,2,Highland,Unfurnished,Yes,558034.99
2696.0,1,3,3,28.0,1,Suburbs,Unfurnished,No,527518.9
2459.2,2,2,1,3.0,0,Downtown,Semi-Furnished,No,509300.59
1214.7,2,3,2,9.0,2,Oldtown,Semi-Furnished,No,344823.65
1505.2,3,3,1,24.0,1,Highland,Unfurnished,No,431701.71
2470.4,2,3,1,30.0,1,Oldtown,Furnished,No,452308.87
1508.8,2,1,1,2.0,3,Waterfront,Furnished,No,533439.09
1887.7,3,2,3,46.0,2,Oldtown,Semi-Furnished,No,428989.24
2275.0,4,4,2,1.0,1,Downtown,Semi-Furnished,Yes,667089.62
1515.8,3,2,2,24.0,1,Downtown,Semi-Furnished,Yes,439237.51
2052.7,3,2,2,48.0,1,Suburbs,Unfurnished,No,431243.53
1333.0,2,2,1,5.0,3,Downtown,Furnished,No,418773.64
1699.3,5,2,1,25.0,1,Suburbs,Unfurnished,Yes,451565.14
2159.9,4,2,1,7.0,1,Highland,Furnished,No,494836.89
1203.5,4,1,1,34.0,2,Highland,Semi-Furnished,No,397696.95
2220.2,4,2,2,26.0,1,Suburbs,Semi-Furnished,No,531400.32
1990.2,5,3,2,24.0,1,Oldtown,Semi-Furnished,No,470566.18
2276.2,3,3,1,17.0,1,Downtown,Semi-Furnished,No,525815.16
2112.0,2,1,1,0.0,1,Suburbs,Unfurnished,Yes,469530.8
2682.1,3,4,1,47.0,1,Highland,Semi-Furnished,Yes,576692.05
2062.6,4,2,1,38.0,0,Waterfront,Semi-Furnished,No,496185.8
1785.3,4,2,3,2.0,2,Suburbs,Semi-Furnished,No,484560.42
2061.1,3,3,2,3.0,1,Downtown,Unfurnished,No,576914.44
,2,3,2,40.0,2,Highland,Semi-Furnished,No,560742.94
2024.4,3,4,1,36.0,2,Downtown,Furnished,No,531304.53
2020.3,5,2,1,14.0,2,Downtown,Semi-Furnished,No,542111.52
1649.0,3,3,1,7.0,1,Highland,Semi-Furnished,No,479761.74
1668.5,3,1,2,37.0,1,Suburbs,Furnished,No,403651.88
1298.7,3,3,2,49.0,2,Suburbs,Semi-Furnished,Yes,395705.83
,3,3,1,18.0,2,Suburbs,Semi-Furnished,Yes,664709.01
1378.1,4,2,2,46.0,2,Oldtown,Furnished,No,370974.7
1653.5,3,2,1,25.0,0,Oldtown,Furnished,No,353526.39
1640.8,4,3,2,38.0,3,Suburbs,Unfurnished,No,473051.24
2447.5,3,1,3,9.0,0,Suburbs,Unfurnished,No,485539.48
1852.5,3,1,2,37.0,1,Suburbs,Semi-Furnished,Yes,431481.94
2623.9,2,3,2,13.0,2,Suburbs,Unfurnished,No,575254.53
1663.3,4,2,1,48.0,0,Suburbs,Furnished,No,345964.18
2139.5,3,3,1,40.0,2,Highland,Unfurnished,No,546848.49
1582.3,3,2,1,18.0,2,Suburbs,Semi-Furnished,No,397762.8
3072.6,3,1,1,29.0,2,Suburbs,Unfurnished,No,533698.67
1406.2,5,3,2,4.0,2,Downtown,Semi-Furnished,No,550439.76
2154.9,2,2,2,30.0,2,Suburbs,Furnished,No,469853.24
2316.9,4,1,1,6.0,2,Suburbs,Semi-Furnished,No,528402.68
2206.9,3,3,2,18.0,0,Suburbs,Furnished,No,498869.9
1907.4,3,2,1,30.0,2,Highland,Unfurnished,No,438836.88
1935.1,1,2,1,38.0,1,Highland,Unfurnished,Yes,432017.28
2021.9,3,2,1,23.0,1,Suburbs,Furnished,No,469185.69
1926.5,3,3,1,33.0,1,Highland,Furnished,No,521936.54
2481.9,2,3,1,22.0,2,Suburbs,Furnished,No,549072.9
3105.3,3,3,1,47.0,2,Downtown,Furnished,No,588282.79
1721.3,5,1,1,44.0,3,Highland,Semi-Furnished,No,478638.78
,2,3,3,39.0,1,Suburbs,Unfurnished,No,358458.53
1955.9,4,2,1,5.0,3,Highland,Furnished,No,540141.01
3289.9,3,2,1,37.0,2,Highland,Semi-Furnished,No,641042.4
1598.2,3,2,1,40.0,2,Oldtown,Semi-Furnished,No,399125.51
2819.6,3,3,2,35.0,2,Oldtown,Semi-Furnished,No,566514.98
2838.9,2,3,1,26.0,1,Downtown,Unfurnished,Yes,612545.37
1723.2,2,1,2,10.0,2,Oldtown,Furnished,No,431344.61
2284.5,2,2,2,4.0,2,Highland,Unfurnished,No,551221.59
2814.2,2,3,2,16.0,3,Highland,Furnished,Yes,702866.62
1810.4,3,1,2,6.0,2,Downtown,Semi-Furnished,No,490519.75
1898.2,4,4,1,26.0,2,Oldtown,Semi-Furnished,No,511439.65
1709.2,4,2,1,46.0,2,Downtown,Semi-Furnished,No,451715.84
1492.6,3,2,1,14.0,1,Waterfront,Unfurnished,Yes,499469.93
1675.4,2,2,2,45.0,1,Downtown,Semi-Furnished,No,419670.34
1388.0,3,2,1,12.0,2,Highland,Semi-Furnished,Yes,483821.45
2017.0,3,4,1,10.0,2,Suburbs,Semi-Furnished,No,497736.87
1615.0,2,2,3,44.0,1,Downtown,Unfurnished,No,382464.3
,3,3,1,25.0,2,Downtown,Unfurnished,No,487766.93
1222.1,3,2,2,21.0,2,Suburbs,Unfurnished,No,316748.84
2165.4,3,1,2,27.0,3,Downtown,Semi-Furnished,No,534538.14
2416.8,3,1,1,23.0,2,Suburbs,Unfurnished,No,541941.41
1003.1,4,2,1,28.0,2,Highland,Furnished,No,433984.56
2187.0,4,4,1,8.0,3,Waterfront,Semi-Furnished,No,685914.88
2613.8,3,2,2,41.0,2,Highland,Furnished,No,571564.67
1395.2,5,2,2,3.0,2,Downtown,Furnished,No,475694.45
2836.3,5,2,2,48.0,1,Suburbs,Unfurnished,No,539520.48
2209.5,3,2,3,45.0,1,Suburbs,Furnished,No,511348.8
1647.5,3,2,2,17.0,2,Oldtown,Semi-Furnished,No,405434.73
1972.1,3,3,1,42.0,2,Oldtown,Furnished,Yes,562360.36
2279.2,5,2,1,15.0,2,Suburbs,Furnished,No,512899.79
2038.0,4,2,2,32.0,2,Downtown,Unfurnished,No,496772.78
2269.4,2,1,1,28.0,1,Oldtown,Semi-Furnished,No,405482.72
1539.7,3,4,1,38.0,3,Oldtown,Semi-Furnished,No,438325.24
2084.7,3,2,2,9.0,2,Oldtown,Semi-Furnished,No,470140.28
1293.1,3,1,1,8.0,2,Waterfront,Unfurnished,No,449638.79
1944.4,2,2,3,30.0,2,Suburbs,Unfurnished,Yes,474082.16
1548.0,4,2,2,27.0,2,Downtown,Semi-Furnished,No,485562.78
1632.2,3,2,1,2.0,3,Suburbs,Semi-Furnished,No,497987.56
2618.0,4,2,3,13.0,2,Suburbs,Furnished,No,601852.01
2545.7,4,3,1,24.0,1,Suburbs,Furnished,No,515554.34
2304.6,4,1,1,14.0,2,Suburbs,Semi-Furnished,No,499689.47
1453.8,3,3,1,1.0,2,Suburbs,Unfurnished,No,432301.09
1841.8,3,2,1,23.0,2,Suburbs,Unfurnished,No,423045.8
2606.5,2,2,1,13.0,1,Suburbs,Semi-Furnished,No,515509.68
2070.9,3,2,1,47.0,3,Downtown,Furnished,No,535641.21
3159.7,2,2,1,6.0,2,Suburbs,Semi-Furnished,No,619784.08
2196.7,3,3,1,35.0,3,Waterfront,Semi-Furnished,No,623884.95
2096.0,2,2,2,49.0,0,Waterfront,Furnished,No,532570.84
1845.4,2,2,2,23.0,2,Suburbs,Furnished,No,465139.91
2066.8,2,2,1,26.0,3,Suburbs,Unfurnished,No,427176.43
1923.8,1,4,1,36.0,3,Downtown,Unfurnished,No,517913.22
2354.1,4,2,1,37.0,0,Highland,Semi-Furnished,No,493651.11
2478.4,4,4,1,29.0,1,Suburbs,Semi-Furnished,Yes,563953.66
1607.0,3,2,2,26.0,2,Suburbs,Furnished,No,413441.16
1334.4,2,1,2,38.0,0,Oldtown,Unfurnished,No,237581.04
1081.9,2,2,1,14.0,0,Suburbs,Unfurnished,No,250210.04
2254.0,1,2,1,25.0,1,Downtown,Furnished,No,492201.59
1448.3,2,2,1,0.0,2,Downtown,Semi-Furnished,No,421420.21
923.6,4,1,2,3.0,2,Suburbs,Furnished,No,396626.68
2194.3,2,4,1,28.0,0,Suburbs,Semi-Furnished,No,491951.56
3246.5,3,3,3,0.0,1,Oldtown,Semi-Furnished,No,678349.52
1997.0,2,3,2,42.0,2,Suburbs,Unfurnished,No,460086.33
2419.2,2,1,1,49.0,2,Highland,Unfurnished,No,465697.67
2040.9,3,1,2,45.0,1,Suburbs,Semi-Furnished,No,399150.68
1950.6,3,1,3,21.0,1,Suburbs,Semi-Furnished,Yes,476775.47
2459.5,2,3,2,10.0,3,Suburbs,Unfurnished,No,574753.68
1854.9,2,4,1,9.0,3,Suburbs,Furnished,No,506750.64
2133.7,3,2,1,16.0,3,Suburbs,Unfurnished,No,484496.42
2160.8,2,1,2,35.0,2,Suburbs,Semi-Furnished,Yes,458730.81
1666.0,2,2,2,46.0,1,Oldtown,Unfurnished,Yes,407039.12
2496.0,5,2,2,25.0,2,Suburbs,Furnished,No,597448.97
1912.5,3,2,2,47.0,2,Downtown,Unfurnished,No,496538.78
1622.1,3,2,2,20.0,2,Downtown,Furnished,No,456712.76
2268.3,3,3,3,12.0,1,Downtown,Unfurnished,No,532528.75
1550.8,3,1,1,8.0,2,Suburbs,Semi-Furnished,Yes,434929.45
2014.1,3,1,2,10.0,2,Downtown,Semi-Furnished,No,471554.41
1995.4,3,4,2,10.0,0,Downtown,Unfurnished,No,516893.36
2542.9,4,2,2,5.0,2,Suburbs,Unfurnished,No,557879.91
2237.3,2,1,2,0.0,0,Highland,Furnished,No,492268.63
1987.5,3,1,1,5.0,1,Downtown,Furnished,No,499688.5
2408.9,3,1,2,12.0,0,Suburbs,Unfurnished,No,404426.27
2695.1,4,2,2,21.0,1,Highland,Unfurnished,No,589765.28
2278.9,3,3,1,30.0,0,Oldtown,Unfurnished,Yes,456690.31
2005.2,3,2,1,21.0,3,Highland,Unfurnished,No,524840.07
1344.1,2,2,1,36.0,2,Downtown,Furnished,No,416496.22
1467.4,3,2,1,46.0,2,Highland,Semi-Furnished,No,345984.42
1847.4,2,2,1,26.0,1,Highland,Semi-Furnished,No,430195.96
1695.2,3,3,1,49.0,2,Downtown,Furnished,No,458084.06
1906.5,2,3,2,13.0,2,Oldtown,Semi-Furnished,No,409235.83
2028.3,3,1,2,46.0,2,Suburbs,Semi-Furnished,No,428892.77
2264.8,2,3,2,4.0,2,Oldtown,Semi-Furnished,No,508780.24
1964.8,3,2,2,35.0,3,Highland,Semi-Furnished,No,485626.89
2243.3,4,4,1,31.0,2,Highland,Semi-Furnished,No,562727.87
2032.2,2,2,1,33.0,2,Highland,Unfurnished,No,435685.62
1012.3,3,4,2,6.0,1,Suburbs,Unfurnished,Yes,413000.57
1530.3,3,3,1,41.0,2,Suburbs,Unfurnished,No,391067.96
1928.0,1,2,3,47.0,2,Oldtown,Unfurnished,No,417485.91
1395.2,4,2,2,9.0,2,Highland,Semi-Furnished,No,469672.42
2300.0,2,4,2,49.0,2,Oldtown,Semi-Furnished,No,524764.68
2765.4,3,3,3,16.0,2,Oldtown,Semi-Furnished,No,574496.11
2609.4,3,1,1,29.0,2,Oldtown,Unfurnished,No,469147.94
1893.3,3,3,1,20.0,0,Highland,Semi-Furnished,No,518858.72
2745.4,3,2,2,12.0,0,Suburbs,Unfurnished,No,476279.45
2074.3,3,1,1,0.0,1,Downtown,Semi-Furnished,Yes,468201.1
1831.5,1,2,3,0.0,3,Highland,Furnished,No,581774.13
1693.3,4,2,1,46.0,2,Suburbs,Unfurnished,No,395508.97
1848.8,3,3,2,32.0,2,Suburbs,Furnished,No,473414.32
1805.9,4,2,2,37.0,2,Downtown,Furnished,No,464067.55
2085.2,4,3,2,24.0,2,Oldtown,Unfurnished,Yes,530525.26
2080.3,4,1,1,25.0,3,Oldtown,Unfurnished,No,446973.92
2001.5,3,2,1,12.0,2,Highland,Furnished,No,531245.94
2218.5,3,2,2,27.0,2,Suburbs,Unfurnished,No,450330.1
2595.3,4,2,1,32.0,2,Highland,Furnished,No,581615.05
2474.8,3,1,2,36.0,1,Highland,Semi-Furnished,No,492571.17
1257.6,2,1,2,40.0,2,Suburbs,Unfurnished,No,324067.22
723.0,4,2,2,29.0,2,Suburbs,Unfurnished,Yes,324953.5
2467.2,4,2,2,48.0,1,Suburbs,Semi-Furnished,No,493359.89
1316.6,3,2,1,47.0,2,Highland,Semi-Furnished,No,449442.94
1887.6,2,2,2,7.0,2,Highland,Semi-Furnished,No,474395.81
1414.9,3,3,2,48.0,3,Suburbs,Furnished,No,420511.64
1099.0,4,4,1,46.0,1,Oldtown,Furnished,No,364334.61
2270.7,5,2,3,0.0,2,Downtown,Unfurnished,No,516931.4
2379.6,2,2,1,11.0,2,Suburbs,Furnished,No,483678.62
1711.7,2,1,1,4.0,1,Suburbs,Furnished,No,408376.69
704.5,4,4,1,23.0,2,Downtown,Furnished,No,404545.71
1726.9,3,1,3,5.0,1,Suburbs,Semi-Furnished,Yes,498593.01
2195.9,3,2,1,24.0,1,Suburbs,Furnished,No,468755.12
1260.5,5,2,2,0.0,1,Suburbs,Semi-Furnished,No,411111.7
2091.7,2,2,2,24.0,1,Suburbs,Semi-Furnished,No,427629.83
1992.3,3,1,1,0.0,2,Highland,Furnished,No,507510.28
2289.6,2,3,1,31.0,0,Suburbs,Unfurnished,No,400267.79
2059.8,3,1,2,41.0,2,Downtown,Unfurnished,No,439288.17
1513.5,4,2,1,41.0,2,Waterfront,Furnished,No,485134.44
2598.3,3,1,2,2.0,2,Downtown,Unfurnished,No,524125.15
1920.7,5,1,1,48.0,3,Waterfront,Furnished,No,545901.79
1986.3,3,4,1,18.0,2,Oldtown,Semi-Furnished,No,505040.55
1533.4,3,1,2,42.0,2,Suburbs,Unfurnished,No,357160.31
1778.4,2,3,1,28.0,1,Oldtown,Semi-Furnished,Yes,451493.23
1557.6,3,2,1,49.0,2,Waterfront,Furnished,No,467030.93
1913.5,3,1,1,1.0,2,Oldtown,Semi-Furnished,Yes,470093.33
2855.9,2,4,1,8.0,1,Highland,Furnished,Yes,730647.31
1314.0,3,2,2,16.0,1,Downtown,Furnished,No,456423.8
1193.2,3,3,2,45.0,1,Oldtown,Semi-Furnished,No,305320.39
2735.6,4,1,1,35.0,2,Downtown,Unfurnished,Yes,543060.12
1895.3,3,3,2,16.0,2,Downtown,Furnished,No,580677.34
1665.5,4,1,2,48.0,2,Suburbs,Semi-Furnished,No,403544.4
2520.0,1,2,1,11.0,1,Suburbs,Unfurnished,No,459426.03
1697.2,2,3,1,19.0,2,Suburbs,Furnished,No,445302.78
2913.0,3,4,3,49.0,1,Highland,Furnished,No,662447.08
2339.0,3,4,2,2.0,1,Oldtown,Semi-Furnished,No,557275.39
1756.0,1,3,2,42.0,2,Downtown,Semi-Furnished,No,426996.29
3078.7,4,3,2,49.0,0,Oldtown,Semi-Furnished,No,547558.48
1697.1,4,1,1,3.0,0,Oldtown,Semi-Furnished,No,358851.58
2371.0,3,2,2,16.0,1,Downtown,Furnished,No,552544.24
2149.6,2,2,2,49.0,2,Suburbs,Furnished,Yes,485718.37
2650.9,4,2,2,36.0,3,Waterfront,Semi-Furnished,No,640210.81
2780.8,3,2,1,45.0,2,Highland,Furnished,No,618575.07
2016.0,4,2,1,41.0,2,Waterfront,Furnished,Yes,607980.86
1623.3,4,1,1,14.0,0,Highland,Unfurnished,No,433421.29
2230.0,4,2,3,32.0,2,Suburbs,Unfurnished,No,458891.26
1661.1,3,1,1,15.0,2,Downtown,Furnished,Yes,447100.25
3006.7,2,2,1,10.0,1,Highland,Unfurnished,Yes,630473.1
2068.3,3,2,1,19.0,1,Downtown,Unfurnished,No,453673.81
1817.3,3,3,1,37.0,1,Highland,Unfurnished,No,414738.46
2092.3,4,3,2,23.0,2,Waterfront,Semi-Furnished,Yes,691893.2
1326.4,2,2,2,15.0,1,Highland,Unfurnished,No,367425.09
1514.2,2,1,2,29.0,2,Oldtown,Semi-Furnished,No,381866.93
2600.2,4,2,1,33.0,1,Suburbs,Furnished,No,525663.96
1671.6,4,1,2,0.0,1,Highland,Semi-Furnished,No,441838.08
1476.5,5,2,1,23.0,2,Highland,Semi-Furnished,No,444866.88
2268.3,4,2,1,23.0,2,Oldtown,Unfurnished,No,505902.99
2592.9,3,1,1,8.0,0,Highland,Semi-Furnished,No,507098.57
2359.5,3,2,1,21.0,1,Downtown,Semi-Furnished,No,527245.72
2498.0,4,4,1,11.0,1,Oldtown,Semi-Furnished,No,591573.86
1621.6,3,4,2,16.0,1,Highland,Unfurnished,No,486381.71
1289.1,3,2,2,24.0,1,Downtown,Semi-Furnished,No,383311.54
2750.7,2,1,2,27.0,3,Highland,Furnished,Yes,629555.82
1838.7,3,1,1,14.0,2,Oldtown,Semi-Furnished,No,414641.65
,4,2,1,29.0,2,Highland,Semi-Furnished,No,524798.27
2664.1,3,4,1,26.0,1,Suburbs,Semi-Furnished,No,527815.74
2278.1,2,1,3,21.0,1,Waterfront,Semi-Furnished,No,569652.61
2227.9,3,3,2,9.0,0,Waterfront,Furnished,Yes,661950.25
3082.5,2,1,2,30.0,2,Suburbs,Unfurnished,No,493795.46
1678.2,2,4,1,26.0,2,Downtown,Semi-Furnished,No,450002.26
2463.9,3,2,2,11.0,1,Suburbs,Furnished,No,523406.88
2028.5,5,3,1,45.0,2,Highland,Furnished,No,565521.53
2134.3,3,2,2,30.0,2,Waterfront,Unfurnished,No,588589.31
2764.2,2,2,3,31.0,1,Suburbs,Unfurnished,No,473623.65
2253.9,2,1,3,31.0,1,Suburbs,Semi-Furnished,Yes,505250.2
2269.1,3,1,2,40.0,2,Downtown,Furnished,No,517045.96
2536.3,3,4,1,44.0,2,Highland,Semi-Furnished,No,598010.11
1817.5,4,4,3,34.0,1,Downtown,Semi-Furnished,No,527121.49
1580.4,3,3,2,45.0,1,Downtown,Unfurnished,No,432408.42
1477.6,4,2,1,20.0,2,Downtown,Semi-Furnished,No,464599.47
1016.8,3,3,1,9.0,1,Highland,Semi-Furnished,No,355371.96
3028.1,3,1,1,15.0,2,Suburbs,Furnished,No,581154.32
,3,2,1,6.0,2,Suburbs,Semi-Furnished,No,402245.28
1889.4,5,2,1,3.0,0,Oldtown,Furnished,No,441806.11
1861.6,3,2,2,26.0,0,Downtown,Semi-Furnished,No,421828.5
2153.7,3,2,1,24.0,2,Suburbs,Semi-Furnished,No,476313.99
2407.9,3,1,1,30.0,1,Oldtown,Furnished,No,420529.01
2430.2,2,2,2,10.0,0,Suburbs,Unfurnished,No,482393.96
1708.5,3,3,2,47.0,2,Highland,Semi-Furnished,No,464387.3
1916.4,2,2,2,19.0,1,Downtown,Furnished,No,497038.86
2141.3,3,1,1,,2,Waterfront,Semi-Furnished,No,516456.52
1875.7,3,1,3,16.0,1,Suburbs,Unfurnished,No,405025.69
2803.7,3,2,3,44.0,2,Waterfront,Semi-Furnished,No,638004.15
2245.5,4,2,1,10.0,1,Suburbs,Semi-Furnished,No,477099.63
2367.4,4,2,1,29.0,3,Suburbs,Furnished,Yes,568256.92
2331.4,4,2,2,34.0,2,Waterfront,Unfurnished,No,609841.56
2586.7,2,2,2,40.0,1,Oldtown,Furnished,No,516586.11
,2,2,3,37.0,2,Downtown,Unfurnished,No,489158.0
1351.6,3,3,2,21.0,1,Waterfront,Unfurnished,No,483054.52
2199.8,3,2,2,42.0,2,Suburbs,Unfurnished,No,470753.46
1674.3,3,2,2,47.0,2,Highland,Furnished,No,463608.1
1735.7,1,3,1,26.0,2,Suburbs,Unfurnished,No,399797.33
2293.2,3,1,1,36.0,0,Highland,Furnished,No,457315.87
2619.1,1,1,1,45.0,2,Suburbs,Semi-Furnished,No,468211.77
2010.6,4,3,2,48.0,0,Suburbs,Furnished,No,395528.01
2154.4,2,2,2,34.0,2,Downtown,Furnished,No,454408.78
2851.1,3,2,2,3.0,2,Downtown,Semi-Furnished,Yes,689213.51
2120.4,1,1,1,15.0,1,Oldtown,Furnished,Yes,441532.01
3300.8,3,2,2,15.0,1,Oldtown,Semi-Furnished,No,624031.83
2282.8,3,2,1,20.0,2,Waterfront,Furnished,Yes,636728.61
1119.6,4,1,1,25.0,2,Suburbs,Unfurnished,No,363210.34
2376.7,4,2,2,35.0,1,Suburbs,Unfurnished,No,477787.53
2190.6,3,2,2,18.0,1,Highland,Semi-Furnished,No,530504.29
2644.9,5,2,3,16.0,2,Oldtown,Semi-Furnished,No,580006.51
2336.6,5,1,1,44.0,0,Suburbs,Semi-Furnished,No,408162.59
1930.8,4,1,1,25.0,0,Waterfront,Semi-Furnished,Yes,486169.43
1387.9,4,2,1,21.0,1,Oldtown,Semi-Furnished,No,380984.71
1895.5,2,1,1,27.0,1,Oldtown,Semi-Furnished,No,369944.04
1574.7,3,4,2,0.0,2,Downtown,Unfurnished,No,511311.09
1709.7,2,1,2,43.0,3,Downtown,Furnished,No,412103.2
2294.3,2,2,2,35.0,2,Suburbs,Furnished,No,533701.35
2835.0,5,1,1,42.0,0,Suburbs,Furnished,No,515441.09
2197.3,3,2,2,36.0,2,Downtown,Semi-Furnished,No,523052.51
1402.1,4,4,1,1.0,2,Suburbs,Semi-Furnished,Yes,513972.34
2222.3,4,1,2,16.0,1,Waterfront,Furnished,Yes,608240.62
2598.3,4,4,1,39.0,3,Suburbs,Furnished,No,638808.8
1695.1,5,2,1,37.0,2,Suburbs,Furnished,No,462282.24
1933.0,2,3,2,20.0,3,Highland,Semi-Furnished,No,535423.72
2007.3,1,2,3,8.0,2,Highland,Semi-Furnished,No,530123.05
1607.6,3,3,1,12.0,2,Waterfront,Furnished,No,585944.69
2324.1,2,2,1,10.0,1,Downtown,Unfurnished,No,498401.98
,1,2,2,15.0,2,Highland,Semi-Furnished,No,441959.96
2209.8,3,1,1,15.0,1,Highland,Furnished,No,464916.9
1556.3,4,1,1,1.0,2,Downtown,Semi-Furnished,No,460871.7
1781.3,3,4,1,41.0,2,Waterfront,Semi-Furnished,Yes,579149.5
2361.2,3,2,1,43.0,2,Suburbs,Semi-Furnished,No,447527.57
1813.6,3,2,3,7.0,2,Suburbs,Furnished,Yes,556532.62
2863.5,2,3,2,42.0,2,Suburbs,Semi-Furnished,No,536244.23
1800.2,1,2,2,41.0,1,Suburbs,Furnished,No,382843.3
2112.3,4,4,3,12.0,2,Suburbs,Semi-Furnished,No,603387.83
2466.3,3,3,1,16.0,2,Waterfront,Semi-Furnished,No,605901.9
1290.8,4,2,1,38.0,2,Downtown,Semi-Furnished,No,357091.46
1119.6,1,3,1,23.0,2,Oldtown,Semi-Furnished,No,288476.56
1237.2,4,1,1,,1,Highland,Semi-Furnished,No,374531.5
2631.3,3,2,1,29.0,0,Downtown,Semi-Furnished,No,506022.93
1724.1,3,2,3,12.0,3,Downtown,Unfurnished,Yes,527018.81
3279.1,3,2,2,18.0,2,Highland,Unfurnished,No,694475.68
1717.9,4,3,1,6.0,1,Highland,Unfurnished,No,495327.89
2092.3,3,4,2,8.0,2,Downtown,Furnished,No,596002.63
2771.1,3,2,2,18.0,3,Downtown,Unfurnished,No,634611.82
3003.0,5,2,3,44.0,1,Waterfront,Unfurnished,Yes,685295.4
3030.8,4,4,2,39.0,2,Downtown,Unfurnished,No,673554.5
2604.2,3,2,2,21.0,3,Oldtown,Semi-Furnished,No,548395.51
,4,2,2,17.0,3,Highland,Unfurnished,No,591660.69
2296.3,3,2,2,22.0,3,Suburbs,Semi-Furnished,No,546428.4
